2025-02-11 14:35:32.879 MSK [16] LOG:  starting PostgreSQL 15.1 (Debian 15.1-1.pgdg110+1) on x86_64-pc-linux-gnu, compiled by gcc (Debian 10.2.1-6) 10.2.1 20210110, 64-bit
2025-02-11 14:35:32.881 MSK [16] LOG:  listening on IPv4 address "0.0.0.0", port 5432
2025-02-11 14:35:32.881 MSK [16] LOG:  listening on IPv6 address "::", port 5432
2025-02-11 14:35:32.884 MSK [16] LOG:  listening on Unix socket "/var/run/postgresql/.s.PGSQL.5432"
2025-02-11 14:35:32.896 MSK [16] LOG:  could not open usermap file "/var/lib/postgresql/data/pg_ident.conf": No such file or directory
2025-02-11 14:35:32.902 MSK [41] LOG:  database system was shut down at 2025-02-10 08:52:25 MSK
2025-02-11 14:35:32.946 MSK [44] WARNING:  archive_mode enabled, yet archiving is not configured
2025-02-11 14:35:32.946 MSK [16] LOG:  database system is ready to accept connections
2025-02-11 14:35:47.998 MSK [52] WARNING:  database "ptdev" has a collation version mismatch
2025-02-11 14:35:47.998 MSK [52] DETAIL:  The database was created using collation version 2.36, but the operating system provides version 2.31.
2025-02-11 14:35:47.998 MSK [52] HINT:  Rebuild all objects in this database that use the default collation and run ALTER DATABASE ptdev REFRESH COLLATION VERSION, or build PostgreSQL with the right library version.
2025-02-11 14:36:03.015 MSK [54] WARNING:  database "template1" has a collation version mismatch
2025-02-11 14:36:03.015 MSK [54] DETAIL:  The database was created using collation version 2.36, but the operating system provides version 2.31.
2025-02-11 14:36:03.015 MSK [54] HINT:  Rebuild all objects in this database that use the default collation and run ALTER DATABASE template1 REFRESH COLLATION VERSION, or build PostgreSQL with the right library version.
2025-02-11 14:36:18.008 MSK [56] WARNING:  database "db_customers" has a collation version mismatch
2025-02-11 14:36:18.008 MSK [56] DETAIL:  The database was created using collation version 2.36, but the operating system provides version 2.31.
2025-02-11 14:36:18.008 MSK [56] HINT:  Rebuild all objects in this database that use the default collation and run ALTER DATABASE db_customers REFRESH COLLATION VERSION, or build PostgreSQL with the right library version.
2025-02-11 14:36:32.989 MSK [59] WARNING:  database "postgres" has a collation version mismatch
2025-02-11 14:36:32.989 MSK [59] DETAIL:  The database was created using collation version 2.36, but the operating system provides version 2.31.
2025-02-11 14:36:32.989 MSK [59] HINT:  Rebuild all objects in this database that use the default collation and run ALTER DATABASE postgres REFRESH COLLATION VERSION, or build PostgreSQL with the right library version.
2025-02-11 14:36:33.004 MSK [44] WARNING:  archive_mode enabled, yet archiving is not configured
2025-02-11 14:36:47.996 MSK [62] WARNING:  database "ptdev" has a collation version mismatch
2025-02-11 14:36:47.996 MSK [62] DETAIL:  The database was created using collation version 2.36, but the operating system provides version 2.31.
2025-02-11 14:36:47.996 MSK [62] HINT:  Rebuild all objects in this database that use the default collation and run ALTER DATABASE ptdev REFRESH COLLATION VERSION, or build PostgreSQL with the right library version.
2025-02-11 14:37:02.994 MSK [64] WARNING:  database "template1" has a collation version mismatch
2025-02-11 14:37:02.994 MSK [64] DETAIL:  The database was created using collation version 2.36, but the operating system provides version 2.31.
2025-02-11 14:37:02.994 MSK [64] HINT:  Rebuild all objects in this database that use the default collation and run ALTER DATABASE template1 REFRESH COLLATION VERSION, or build PostgreSQL with the right library version.
2025-02-11 14:37:17.991 MSK [65] WARNING:  database "db_customers" has a collation version mismatch
2025-02-11 14:37:17.991 MSK [65] DETAIL:  The database was created using collation version 2.36, but the operating system provides version 2.31.
2025-02-11 14:37:17.991 MSK [65] HINT:  Rebuild all objects in this database that use the default collation and run ALTER DATABASE db_customers REFRESH COLLATION VERSION, or build PostgreSQL with the right library version.
2025-02-11 14:37:32.990 MSK [66] WARNING:  database "postgres" has a collation version mismatch
2025-02-11 14:37:32.990 MSK [66] DETAIL:  The database was created using collation version 2.36, but the operating system provides version 2.31.
2025-02-11 14:37:32.990 MSK [66] HINT:  Rebuild all objects in this database that use the default collation and run ALTER DATABASE postgres REFRESH COLLATION VERSION, or build PostgreSQL with the right library version.
2025-02-11 14:37:33.065 MSK [44] WARNING:  archive_mode enabled, yet archiving is not configured
2025-02-11 14:37:47.641 MSK [68] repl_user@[unknown] LOG:  received replication command: SHOW data_directory_mode
2025-02-11 14:37:47.641 MSK [68] repl_user@[unknown] STATEMENT:  SHOW data_directory_mode
2025-02-11 14:37:48.010 MSK [69] WARNING:  database "ptdev" has a collation version mismatch
2025-02-11 14:37:48.010 MSK [69] DETAIL:  The database was created using collation version 2.36, but the operating system provides version 2.31.
2025-02-11 14:37:48.010 MSK [69] HINT:  Rebuild all objects in this database that use the default collation and run ALTER DATABASE ptdev REFRESH COLLATION VERSION, or build PostgreSQL with the right library version.
2025-02-11 14:38:03.013 MSK [70] WARNING:  database "template1" has a collation version mismatch
2025-02-11 14:38:03.013 MSK [70] DETAIL:  The database was created using collation version 2.36, but the operating system provides version 2.31.
2025-02-11 14:38:03.013 MSK [70] HINT:  Rebuild all objects in this database that use the default collation and run ALTER DATABASE template1 REFRESH COLLATION VERSION, or build PostgreSQL with the right library version.
2025-02-11 14:38:18.017 MSK [72] WARNING:  database "db_customers" has a collation version mismatch
2025-02-11 14:38:18.017 MSK [72] DETAIL:  The database was created using collation version 2.36, but the operating system provides version 2.31.
2025-02-11 14:38:18.017 MSK [72] HINT:  Rebuild all objects in this database that use the default collation and run ALTER DATABASE db_customers REFRESH COLLATION VERSION, or build PostgreSQL with the right library version.
2025-02-11 14:38:18.844 MSK [73] repl_user@[unknown] LOG:  received replication command: SHOW data_directory_mode
2025-02-11 14:38:18.844 MSK [73] repl_user@[unknown] STATEMENT:  SHOW data_directory_mode
2025-02-11 14:38:18.845 MSK [73] repl_user@[unknown] LOG:  received replication command: SHOW wal_segment_size
2025-02-11 14:38:18.845 MSK [73] repl_user@[unknown] STATEMENT:  SHOW wal_segment_size
2025-02-11 14:38:18.846 MSK [73] repl_user@[unknown] LOG:  received replication command: IDENTIFY_SYSTEM
2025-02-11 14:38:18.846 MSK [73] repl_user@[unknown] STATEMENT:  IDENTIFY_SYSTEM
2025-02-11 14:38:18.848 MSK [73] repl_user@[unknown] LOG:  received replication command: BASE_BACKUP ( LABEL 'pg_basebackup base backup',  PROGRESS,  WAIT 0,  MANIFEST 'yes',  TARGET 'client')
2025-02-11 14:38:18.848 MSK [73] repl_user@[unknown] STATEMENT:  BASE_BACKUP ( LABEL 'pg_basebackup base backup',  PROGRESS,  WAIT 0,  MANIFEST 'yes',  TARGET 'client')
2025-02-11 14:38:18.928 MSK [44] WARNING:  archive_mode enabled, yet archiving is not configured
2025-02-11 14:38:18.936 MSK [39] LOG:  checkpoint starting: force wait
2025-02-11 14:38:19.020 MSK [39] LOG:  checkpoint complete: wrote 3 buffers (0.0%); 0 WAL file(s) added, 0 removed, 0 recycled; write=0.007 s, sync=0.001 s, total=0.092 s; sync files=2, longest=0.001 s, average=0.001 s; distance=16384 kB, estimate=16384 kB
2025-02-11 14:38:19.093 MSK [74] repl_user@[unknown] LOG:  received replication command: SHOW data_directory_mode
2025-02-11 14:38:19.093 MSK [74] repl_user@[unknown] STATEMENT:  SHOW data_directory_mode
2025-02-11 14:38:19.093 MSK [74] repl_user@[unknown] LOG:  received replication command: CREATE_REPLICATION_SLOT "pg_basebackup_74" TEMPORARY PHYSICAL ( RESERVE_WAL)
2025-02-11 14:38:19.093 MSK [74] repl_user@[unknown] STATEMENT:  CREATE_REPLICATION_SLOT "pg_basebackup_74" TEMPORARY PHYSICAL ( RESERVE_WAL)
2025-02-11 14:38:19.105 MSK [74] repl_user@[unknown] LOG:  received replication command: IDENTIFY_SYSTEM
2025-02-11 14:38:19.105 MSK [74] repl_user@[unknown] STATEMENT:  IDENTIFY_SYSTEM
2025-02-11 14:38:19.105 MSK [74] repl_user@[unknown] LOG:  received replication command: START_REPLICATION SLOT "pg_basebackup_74" 0/16000000 TIMELINE 1
2025-02-11 14:38:19.105 MSK [74] repl_user@[unknown] STATEMENT:  START_REPLICATION SLOT "pg_basebackup_74" 0/16000000 TIMELINE 1
2025-02-11 14:38:20.723 MSK [44] WARNING:  archive_mode enabled, yet archiving is not configured
2025-02-11 14:38:20.730 MSK [44] WARNING:  archive_mode enabled, yet archiving is not configured
2025-02-11 14:38:32.997 MSK [75] WARNING:  database "postgres" has a collation version mismatch
2025-02-11 14:38:32.997 MSK [75] DETAIL:  The database was created using collation version 2.36, but the operating system provides version 2.31.
2025-02-11 14:38:32.997 MSK [75] HINT:  Rebuild all objects in this database that use the default collation and run ALTER DATABASE postgres REFRESH COLLATION VERSION, or build PostgreSQL with the right library version.
2025-02-11 14:38:48.026 MSK [76] WARNING:  database "ptdev" has a collation version mismatch
2025-02-11 14:38:48.026 MSK [76] DETAIL:  The database was created using collation version 2.36, but the operating system provides version 2.31.
2025-02-11 14:38:48.026 MSK [76] HINT:  Rebuild all objects in this database that use the default collation and run ALTER DATABASE ptdev REFRESH COLLATION VERSION, or build PostgreSQL with the right library version.
2025-02-11 14:39:03.017 MSK [77] WARNING:  database "template1" has a collation version mismatch
2025-02-11 14:39:03.017 MSK [77] DETAIL:  The database was created using collation version 2.36, but the operating system provides version 2.31.
2025-02-11 14:39:03.017 MSK [77] HINT:  Rebuild all objects in this database that use the default collation and run ALTER DATABASE template1 REFRESH COLLATION VERSION, or build PostgreSQL with the right library version.
2025-02-11 14:39:18.028 MSK [78] WARNING:  database "db_customers" has a collation version mismatch
2025-02-11 14:39:18.028 MSK [78] DETAIL:  The database was created using collation version 2.36, but the operating system provides version 2.31.
2025-02-11 14:39:18.028 MSK [78] HINT:  Rebuild all objects in this database that use the default collation and run ALTER DATABASE db_customers REFRESH COLLATION VERSION, or build PostgreSQL with the right library version.
2025-02-11 14:39:20.790 MSK [44] WARNING:  archive_mode enabled, yet archiving is not configured
2025-02-11 14:39:33.016 MSK [79] WARNING:  database "postgres" has a collation version mismatch
2025-02-11 14:39:33.016 MSK [79] DETAIL:  The database was created using collation version 2.36, but the operating system provides version 2.31.
2025-02-11 14:39:33.016 MSK [79] HINT:  Rebuild all objects in this database that use the default collation and run ALTER DATABASE postgres REFRESH COLLATION VERSION, or build PostgreSQL with the right library version.
2025-02-11 14:39:48.041 MSK [80] WARNING:  database "ptdev" has a collation version mismatch
2025-02-11 14:39:48.041 MSK [80] DETAIL:  The database was created using collation version 2.36, but the operating system provides version 2.31.
2025-02-11 14:39:48.041 MSK [80] HINT:  Rebuild all objects in this database that use the default collation and run ALTER DATABASE ptdev REFRESH COLLATION VERSION, or build PostgreSQL with the right library version.
2025-02-11 14:40:03.018 MSK [81] WARNING:  database "template1" has a collation version mismatch
2025-02-11 14:40:03.018 MSK [81] DETAIL:  The database was created using collation version 2.36, but the operating system provides version 2.31.
2025-02-11 14:40:03.018 MSK [81] HINT:  Rebuild all objects in this database that use the default collation and run ALTER DATABASE template1 REFRESH COLLATION VERSION, or build PostgreSQL with the right library version.
2025-02-11 14:40:18.045 MSK [82] WARNING:  database "db_customers" has a collation version mismatch
2025-02-11 14:40:18.045 MSK [82] DETAIL:  The database was created using collation version 2.36, but the operating system provides version 2.31.
2025-02-11 14:40:18.045 MSK [82] HINT:  Rebuild all objects in this database that use the default collation and run ALTER DATABASE db_customers REFRESH COLLATION VERSION, or build PostgreSQL with the right library version.
2025-02-11 14:40:20.795 MSK [44] WARNING:  archive_mode enabled, yet archiving is not configured
2025-02-11 14:40:33.029 MSK [83] WARNING:  database "postgres" has a collation version mismatch
2025-02-11 14:40:33.029 MSK [83] DETAIL:  The database was created using collation version 2.36, but the operating system provides version 2.31.
2025-02-11 14:40:33.029 MSK [83] HINT:  Rebuild all objects in this database that use the default collation and run ALTER DATABASE postgres REFRESH COLLATION VERSION, or build PostgreSQL with the right library version.
2025-02-11 14:40:48.048 MSK [84] WARNING:  database "ptdev" has a collation version mismatch
2025-02-11 14:40:48.048 MSK [84] DETAIL:  The database was created using collation version 2.36, but the operating system provides version 2.31.
2025-02-11 14:40:48.048 MSK [84] HINT:  Rebuild all objects in this database that use the default collation and run ALTER DATABASE ptdev REFRESH COLLATION VERSION, or build PostgreSQL with the right library version.
2025-02-11 14:41:03.028 MSK [85] WARNING:  database "template1" has a collation version mismatch
2025-02-11 14:41:03.028 MSK [85] DETAIL:  The database was created using collation version 2.36, but the operating system provides version 2.31.
2025-02-11 14:41:03.028 MSK [85] HINT:  Rebuild all objects in this database that use the default collation and run ALTER DATABASE template1 REFRESH COLLATION VERSION, or build PostgreSQL with the right library version.
2025-02-11 14:41:18.069 MSK [86] WARNING:  database "db_customers" has a collation version mismatch
2025-02-11 14:41:18.069 MSK [86] DETAIL:  The database was created using collation version 2.36, but the operating system provides version 2.31.
2025-02-11 14:41:18.069 MSK [86] HINT:  Rebuild all objects in this database that use the default collation and run ALTER DATABASE db_customers REFRESH COLLATION VERSION, or build PostgreSQL with the right library version.
2025-02-11 14:52:34.770 MSK [16] LOG:  starting PostgreSQL 15.1 (Debian 15.1-1.pgdg110+1) on x86_64-pc-linux-gnu, compiled by gcc (Debian 10.2.1-6) 10.2.1 20210110, 64-bit
2025-02-11 14:52:34.770 MSK [16] LOG:  listening on IPv4 address "0.0.0.0", port 5432
2025-02-11 14:52:34.770 MSK [16] LOG:  listening on IPv6 address "::", port 5432
2025-02-11 14:52:34.783 MSK [16] LOG:  listening on Unix socket "/var/run/postgresql/.s.PGSQL.5432"
2025-02-11 14:52:34.799 MSK [16] LOG:  could not open usermap file "/var/lib/postgresql/data/pg_ident.conf": No such file or directory
2025-02-11 14:52:34.810 MSK [40] LOG:  database system was interrupted; last known up at 2025-02-11 14:38:19 MSK
2025-02-11 14:52:35.003 MSK [40] LOG:  database system was not properly shut down; automatic recovery in progress
2025-02-11 14:52:35.014 MSK [40] LOG:  redo starts at 0/16000060
2025-02-11 14:52:35.015 MSK [40] LOG:  invalid record length at 0/17000060: wanted 24, got 0
2025-02-11 14:52:35.015 MSK [40] LOG:  redo done at 0/17000028 system usage: CPU: user: 0.00 s, system: 0.00 s, elapsed: 0.00 s
2025-02-11 14:52:35.033 MSK [38] LOG:  checkpoint starting: end-of-recovery immediate wait
2025-02-11 14:52:35.047 MSK [38] LOG:  checkpoint complete: wrote 3 buffers (0.0%); 0 WAL file(s) added, 0 removed, 0 recycled; write=0.005 s, sync=0.001 s, total=0.017 s; sync files=2, longest=0.001 s, average=0.001 s; distance=16384 kB, estimate=16384 kB
2025-02-11 14:52:35.057 MSK [16] LOG:  database system is ready to accept connections
2025-02-11 14:52:35.069 MSK [43] WARNING:  archive_mode enabled, yet archiving is not configured
2025-02-11 14:53:34.976 MSK [45] postgres@ptdev FATAL:  no pg_hba.conf entry for host "172.20.0.3", user "postgres", database "ptdev", SSL encryption
2025-02-11 14:53:34.979 MSK [46] postgres@ptdev FATAL:  no pg_hba.conf entry for host "172.20.0.3", user "postgres", database "ptdev", no encryption
2025-02-11 14:53:35.105 MSK [43] WARNING:  archive_mode enabled, yet archiving is not configured
2025-02-11 14:53:56.420 MSK [47] postgres@ptdev FATAL:  no pg_hba.conf entry for host "172.20.0.3", user "postgres", database "ptdev", SSL encryption
2025-02-11 14:53:56.423 MSK [48] postgres@ptdev FATAL:  no pg_hba.conf entry for host "172.20.0.3", user "postgres", database "ptdev", no encryption
2025-02-11 14:54:35.156 MSK [43] WARNING:  archive_mode enabled, yet archiving is not configured
2025-02-11 14:55:03.156 MSK [51] repl_user@[unknown] LOG:  received replication command: SHOW data_directory_mode
2025-02-11 14:55:03.156 MSK [51] repl_user@[unknown] STATEMENT:  SHOW data_directory_mode
2025-02-11 14:55:18.888 MSK [53] repl_user@[unknown] LOG:  received replication command: SHOW data_directory_mode
2025-02-11 14:55:18.888 MSK [53] repl_user@[unknown] STATEMENT:  SHOW data_directory_mode
2025-02-11 14:55:18.889 MSK [53] repl_user@[unknown] LOG:  received replication command: SHOW wal_segment_size
2025-02-11 14:55:18.889 MSK [53] repl_user@[unknown] STATEMENT:  SHOW wal_segment_size
2025-02-11 14:55:18.890 MSK [53] repl_user@[unknown] LOG:  received replication command: IDENTIFY_SYSTEM
2025-02-11 14:55:18.890 MSK [53] repl_user@[unknown] STATEMENT:  IDENTIFY_SYSTEM
2025-02-11 14:55:18.892 MSK [53] repl_user@[unknown] LOG:  received replication command: BASE_BACKUP ( LABEL 'pg_basebackup base backup',  PROGRESS,  WAIT 0,  MANIFEST 'yes',  TARGET 'client')
2025-02-11 14:55:18.892 MSK [53] repl_user@[unknown] STATEMENT:  BASE_BACKUP ( LABEL 'pg_basebackup base backup',  PROGRESS,  WAIT 0,  MANIFEST 'yes',  TARGET 'client')
2025-02-11 14:55:18.988 MSK [38] LOG:  checkpoint starting: force wait
2025-02-11 14:55:18.988 MSK [43] WARNING:  archive_mode enabled, yet archiving is not configured
2025-02-11 14:55:19.070 MSK [38] LOG:  checkpoint complete: wrote 0 buffers (0.0%); 0 WAL file(s) added, 0 removed, 0 recycled; write=0.001 s, sync=0.001 s, total=0.083 s; sync files=0, longest=0.000 s, average=0.000 s; distance=16383 kB, estimate=16383 kB
2025-02-11 14:55:19.112 MSK [54] repl_user@[unknown] LOG:  received replication command: SHOW data_directory_mode
2025-02-11 14:55:19.112 MSK [54] repl_user@[unknown] STATEMENT:  SHOW data_directory_mode
2025-02-11 14:55:19.112 MSK [54] repl_user@[unknown] LOG:  received replication command: CREATE_REPLICATION_SLOT "pg_basebackup_54" TEMPORARY PHYSICAL ( RESERVE_WAL)
2025-02-11 14:55:19.112 MSK [54] repl_user@[unknown] STATEMENT:  CREATE_REPLICATION_SLOT "pg_basebackup_54" TEMPORARY PHYSICAL ( RESERVE_WAL)
2025-02-11 14:55:19.121 MSK [54] repl_user@[unknown] LOG:  received replication command: IDENTIFY_SYSTEM
2025-02-11 14:55:19.121 MSK [54] repl_user@[unknown] STATEMENT:  IDENTIFY_SYSTEM
2025-02-11 14:55:19.122 MSK [54] repl_user@[unknown] LOG:  received replication command: START_REPLICATION SLOT "pg_basebackup_54" 0/18000000 TIMELINE 1
2025-02-11 14:55:19.122 MSK [54] repl_user@[unknown] STATEMENT:  START_REPLICATION SLOT "pg_basebackup_54" 0/18000000 TIMELINE 1
2025-02-11 14:55:20.673 MSK [43] WARNING:  archive_mode enabled, yet archiving is not configured
2025-02-11 14:55:20.676 MSK [43] WARNING:  archive_mode enabled, yet archiving is not configured
2025-02-11 14:56:20.728 MSK [43] WARNING:  archive_mode enabled, yet archiving is not configured
2025-02-11 14:57:20.774 MSK [43] WARNING:  archive_mode enabled, yet archiving is not configured
2025-02-11 14:58:20.834 MSK [43] WARNING:  archive_mode enabled, yet archiving is not configured
2025-02-11 14:59:20.894 MSK [43] WARNING:  archive_mode enabled, yet archiving is not configured
2025-02-11 15:01:34.813 MSK [16] LOG:  starting PostgreSQL 15.1 (Debian 15.1-1.pgdg110+1) on x86_64-pc-linux-gnu, compiled by gcc (Debian 10.2.1-6) 10.2.1 20210110, 64-bit
2025-02-11 15:01:34.814 MSK [16] LOG:  listening on IPv4 address "0.0.0.0", port 5432
2025-02-11 15:01:34.814 MSK [16] LOG:  listening on IPv6 address "::", port 5432
2025-02-11 15:01:34.818 MSK [16] LOG:  listening on Unix socket "/var/run/postgresql/.s.PGSQL.5432"
2025-02-11 15:01:34.827 MSK [16] LOG:  could not open usermap file "/var/lib/postgresql/data/pg_ident.conf": No such file or directory
2025-02-11 15:01:34.838 MSK [39] LOG:  database system was interrupted; last known up at 2025-02-11 14:55:19 MSK
2025-02-11 15:01:34.975 MSK [39] LOG:  database system was not properly shut down; automatic recovery in progress
2025-02-11 15:01:34.991 MSK [39] LOG:  redo starts at 0/18000028
2025-02-11 15:01:34.991 MSK [39] LOG:  invalid record length at 0/19000060: wanted 24, got 0
2025-02-11 15:01:34.992 MSK [39] LOG:  redo done at 0/19000028 system usage: CPU: user: 0.00 s, system: 0.00 s, elapsed: 0.00 s
2025-02-11 15:01:35.016 MSK [37] LOG:  checkpoint starting: end-of-recovery immediate wait
2025-02-11 15:01:35.039 MSK [37] LOG:  checkpoint complete: wrote 3 buffers (0.0%); 0 WAL file(s) added, 0 removed, 0 recycled; write=0.007 s, sync=0.002 s, total=0.027 s; sync files=2, longest=0.001 s, average=0.001 s; distance=16384 kB, estimate=16384 kB
2025-02-11 15:01:35.057 MSK [16] LOG:  database system is ready to accept connections
2025-02-11 15:01:35.065 MSK [42] WARNING:  archive_mode enabled, yet archiving is not configured
2025-02-11 15:01:58.795 MSK [44] postgres@ptdev WARNING:  database "ptdev" has a collation version mismatch
2025-02-11 15:01:58.795 MSK [44] postgres@ptdev DETAIL:  The database was created using collation version 2.36, but the operating system provides version 2.31.
2025-02-11 15:01:58.795 MSK [44] postgres@ptdev HINT:  Rebuild all objects in this database that use the default collation and run ALTER DATABASE ptdev REFRESH COLLATION VERSION, or build PostgreSQL with the right library version.
2025-02-11 15:01:58.797 MSK [44] postgres@ptdev LOG:  statement: BEGIN
2025-02-11 15:01:58.797 MSK [44] postgres@ptdev LOG:  statement: INSERT INTO phone (phonenum) VALUES ('+7 925 046 34 11')
2025-02-11 15:01:58.815 MSK [44] postgres@ptdev LOG:  statement: COMMIT
2025-02-11 15:02:02.856 MSK [45] postgres@ptdev WARNING:  database "ptdev" has a collation version mismatch
2025-02-11 15:02:02.856 MSK [45] postgres@ptdev DETAIL:  The database was created using collation version 2.36, but the operating system provides version 2.31.
2025-02-11 15:02:02.856 MSK [45] postgres@ptdev HINT:  Rebuild all objects in this database that use the default collation and run ALTER DATABASE ptdev REFRESH COLLATION VERSION, or build PostgreSQL with the right library version.
2025-02-11 15:02:02.857 MSK [45] postgres@ptdev LOG:  statement: BEGIN
2025-02-11 15:02:02.858 MSK [45] postgres@ptdev LOG:  statement: SELECT phonenum FROM phone
2025-02-11 15:02:35.106 MSK [42] WARNING:  archive_mode enabled, yet archiving is not configured
2025-02-11 15:02:35.155 MSK [46] WARNING:  database "ptdev" has a collation version mismatch
2025-02-11 15:02:35.155 MSK [46] DETAIL:  The database was created using collation version 2.36, but the operating system provides version 2.31.
2025-02-11 15:02:35.155 MSK [46] HINT:  Rebuild all objects in this database that use the default collation and run ALTER DATABASE ptdev REFRESH COLLATION VERSION, or build PostgreSQL with the right library version.
2025-02-11 15:02:58.654 MSK [48] repl_user@[unknown] LOG:  received replication command: SHOW data_directory_mode
2025-02-11 15:02:58.654 MSK [48] repl_user@[unknown] STATEMENT:  SHOW data_directory_mode
2025-02-11 15:02:58.657 MSK [48] repl_user@[unknown] LOG:  received replication command: SHOW wal_segment_size
2025-02-11 15:02:58.657 MSK [48] repl_user@[unknown] STATEMENT:  SHOW wal_segment_size
2025-02-11 15:02:58.657 MSK [48] repl_user@[unknown] LOG:  received replication command: IDENTIFY_SYSTEM
2025-02-11 15:02:58.657 MSK [48] repl_user@[unknown] STATEMENT:  IDENTIFY_SYSTEM
2025-02-11 15:02:58.659 MSK [48] repl_user@[unknown] LOG:  received replication command: BASE_BACKUP ( LABEL 'pg_basebackup base backup',  PROGRESS,  WAIT 0,  MANIFEST 'yes',  TARGET 'client')
2025-02-11 15:02:58.659 MSK [48] repl_user@[unknown] STATEMENT:  BASE_BACKUP ( LABEL 'pg_basebackup base backup',  PROGRESS,  WAIT 0,  MANIFEST 'yes',  TARGET 'client')
2025-02-11 15:02:58.767 MSK [42] WARNING:  archive_mode enabled, yet archiving is not configured
2025-02-11 15:02:58.768 MSK [37] LOG:  checkpoint starting: force wait
2025-02-11 15:02:59.088 MSK [37] LOG:  checkpoint complete: wrote 4 buffers (0.0%); 0 WAL file(s) added, 0 removed, 0 recycled; write=0.305 s, sync=0.010 s, total=0.321 s; sync files=4, longest=0.005 s, average=0.003 s; distance=16383 kB, estimate=16384 kB
2025-02-11 15:02:59.118 MSK [49] repl_user@[unknown] LOG:  received replication command: SHOW data_directory_mode
2025-02-11 15:02:59.118 MSK [49] repl_user@[unknown] STATEMENT:  SHOW data_directory_mode
2025-02-11 15:02:59.118 MSK [49] repl_user@[unknown] LOG:  received replication command: CREATE_REPLICATION_SLOT "pg_basebackup_49" TEMPORARY PHYSICAL ( RESERVE_WAL)
2025-02-11 15:02:59.118 MSK [49] repl_user@[unknown] STATEMENT:  CREATE_REPLICATION_SLOT "pg_basebackup_49" TEMPORARY PHYSICAL ( RESERVE_WAL)
2025-02-11 15:02:59.121 MSK [49] repl_user@[unknown] LOG:  received replication command: IDENTIFY_SYSTEM
2025-02-11 15:02:59.121 MSK [49] repl_user@[unknown] STATEMENT:  IDENTIFY_SYSTEM
2025-02-11 15:02:59.121 MSK [49] repl_user@[unknown] LOG:  received replication command: START_REPLICATION SLOT "pg_basebackup_49" 0/1A000000 TIMELINE 1
2025-02-11 15:02:59.121 MSK [49] repl_user@[unknown] STATEMENT:  START_REPLICATION SLOT "pg_basebackup_49" 0/1A000000 TIMELINE 1
2025-02-11 15:03:00.839 MSK [42] WARNING:  archive_mode enabled, yet archiving is not configured
2025-02-11 15:03:00.842 MSK [42] WARNING:  archive_mode enabled, yet archiving is not configured
2025-02-11 15:03:35.184 MSK [50] WARNING:  database "ptdev" has a collation version mismatch
2025-02-11 15:03:35.184 MSK [50] DETAIL:  The database was created using collation version 2.36, but the operating system provides version 2.31.
2025-02-11 15:03:35.184 MSK [50] HINT:  Rebuild all objects in this database that use the default collation and run ALTER DATABASE ptdev REFRESH COLLATION VERSION, or build PostgreSQL with the right library version.
2025-02-11 15:04:00.902 MSK [42] WARNING:  archive_mode enabled, yet archiving is not configured
2025-02-11 15:04:35.243 MSK [63] WARNING:  database "ptdev" has a collation version mismatch
2025-02-11 15:04:35.243 MSK [63] DETAIL:  The database was created using collation version 2.36, but the operating system provides version 2.31.
2025-02-11 15:04:35.243 MSK [63] HINT:  Rebuild all objects in this database that use the default collation and run ALTER DATABASE ptdev REFRESH COLLATION VERSION, or build PostgreSQL with the right library version.
2025-02-11 15:05:00.958 MSK [42] WARNING:  archive_mode enabled, yet archiving is not configured
2025-02-11 15:05:35.301 MSK [67] WARNING:  database "ptdev" has a collation version mismatch
2025-02-11 15:05:35.301 MSK [67] DETAIL:  The database was created using collation version 2.36, but the operating system provides version 2.31.
2025-02-11 15:05:35.301 MSK [67] HINT:  Rebuild all objects in this database that use the default collation and run ALTER DATABASE ptdev REFRESH COLLATION VERSION, or build PostgreSQL with the right library version.
2025-02-11 15:06:01.012 MSK [42] WARNING:  archive_mode enabled, yet archiving is not configured
2025-02-11 15:06:35.356 MSK [72] WARNING:  database "ptdev" has a collation version mismatch
2025-02-11 15:06:35.356 MSK [72] DETAIL:  The database was created using collation version 2.36, but the operating system provides version 2.31.
2025-02-11 15:06:35.356 MSK [72] HINT:  Rebuild all objects in this database that use the default collation and run ALTER DATABASE ptdev REFRESH COLLATION VERSION, or build PostgreSQL with the right library version.
2025-02-11 15:07:01.073 MSK [42] WARNING:  archive_mode enabled, yet archiving is not configured
2025-02-11 15:07:35.422 MSK [75] WARNING:  database "ptdev" has a collation version mismatch
2025-02-11 15:07:35.422 MSK [75] DETAIL:  The database was created using collation version 2.36, but the operating system provides version 2.31.
2025-02-11 15:07:35.422 MSK [75] HINT:  Rebuild all objects in this database that use the default collation and run ALTER DATABASE ptdev REFRESH COLLATION VERSION, or build PostgreSQL with the right library version.
2025-02-11 15:07:58.188 MSK [37] LOG:  checkpoint starting: time
2025-02-11 15:07:58.211 MSK [37] LOG:  checkpoint complete: wrote 0 buffers (0.0%); 0 WAL file(s) added, 0 removed, 0 recycled; write=0.001 s, sync=0.001 s, total=0.023 s; sync files=0, longest=0.000 s, average=0.000 s; distance=16384 kB, estimate=16384 kB
2025-02-11 15:08:01.134 MSK [42] WARNING:  archive_mode enabled, yet archiving is not configured
2025-02-11 15:08:35.428 MSK [106] WARNING:  database "ptdev" has a collation version mismatch
2025-02-11 15:08:35.428 MSK [106] DETAIL:  The database was created using collation version 2.36, but the operating system provides version 2.31.
2025-02-11 15:08:35.428 MSK [106] HINT:  Rebuild all objects in this database that use the default collation and run ALTER DATABASE ptdev REFRESH COLLATION VERSION, or build PostgreSQL with the right library version.
2025-02-11 15:09:01.184 MSK [42] WARNING:  archive_mode enabled, yet archiving is not configured
2025-02-11 15:09:35.432 MSK [112] WARNING:  database "ptdev" has a collation version mismatch
2025-02-11 15:09:35.432 MSK [112] DETAIL:  The database was created using collation version 2.36, but the operating system provides version 2.31.
2025-02-11 15:09:35.432 MSK [112] HINT:  Rebuild all objects in this database that use the default collation and run ALTER DATABASE ptdev REFRESH COLLATION VERSION, or build PostgreSQL with the right library version.
2025-02-11 15:10:01.244 MSK [42] WARNING:  archive_mode enabled, yet archiving is not configured
2025-02-11 15:10:35.487 MSK [116] WARNING:  database "ptdev" has a collation version mismatch
2025-02-11 15:10:35.487 MSK [116] DETAIL:  The database was created using collation version 2.36, but the operating system provides version 2.31.
2025-02-11 15:10:35.487 MSK [116] HINT:  Rebuild all objects in this database that use the default collation and run ALTER DATABASE ptdev REFRESH COLLATION VERSION, or build PostgreSQL with the right library version.
2025-02-11 15:11:01.304 MSK [42] WARNING:  archive_mode enabled, yet archiving is not configured
2025-02-11 15:11:35.547 MSK [132] WARNING:  database "ptdev" has a collation version mismatch
2025-02-11 15:11:35.547 MSK [132] DETAIL:  The database was created using collation version 2.36, but the operating system provides version 2.31.
2025-02-11 15:11:35.547 MSK [132] HINT:  Rebuild all objects in this database that use the default collation and run ALTER DATABASE ptdev REFRESH COLLATION VERSION, or build PostgreSQL with the right library version.
2025-02-11 15:12:01.364 MSK [42] WARNING:  archive_mode enabled, yet archiving is not configured
2025-02-11 15:12:35.605 MSK [133] WARNING:  database "ptdev" has a collation version mismatch
2025-02-11 15:12:35.605 MSK [133] DETAIL:  The database was created using collation version 2.36, but the operating system provides version 2.31.
2025-02-11 15:12:35.605 MSK [133] HINT:  Rebuild all objects in this database that use the default collation and run ALTER DATABASE ptdev REFRESH COLLATION VERSION, or build PostgreSQL with the right library version.
2025-02-11 15:13:01.381 MSK [42] WARNING:  archive_mode enabled, yet archiving is not configured
2025-02-11 15:13:35.683 MSK [136] WARNING:  database "ptdev" has a collation version mismatch
2025-02-11 15:13:35.683 MSK [136] DETAIL:  The database was created using collation version 2.36, but the operating system provides version 2.31.
2025-02-11 15:13:35.683 MSK [136] HINT:  Rebuild all objects in this database that use the default collation and run ALTER DATABASE ptdev REFRESH COLLATION VERSION, or build PostgreSQL with the right library version.
2025-02-11 15:14:01.443 MSK [42] WARNING:  archive_mode enabled, yet archiving is not configured
2025-02-11 15:14:35.692 MSK [137] WARNING:  database "ptdev" has a collation version mismatch
2025-02-11 15:14:35.692 MSK [137] DETAIL:  The database was created using collation version 2.36, but the operating system provides version 2.31.
2025-02-11 15:14:35.692 MSK [137] HINT:  Rebuild all objects in this database that use the default collation and run ALTER DATABASE ptdev REFRESH COLLATION VERSION, or build PostgreSQL with the right library version.
2025-02-11 15:15:01.504 MSK [42] WARNING:  archive_mode enabled, yet archiving is not configured
2025-02-11 15:20:56.476 MSK [16] LOG:  starting PostgreSQL 15.1 (Debian 15.1-1.pgdg110+1) on x86_64-pc-linux-gnu, compiled by gcc (Debian 10.2.1-6) 10.2.1 20210110, 64-bit
2025-02-11 15:20:56.476 MSK [16] LOG:  listening on IPv4 address "0.0.0.0", port 5432
2025-02-11 15:20:56.476 MSK [16] LOG:  listening on IPv6 address "::", port 5432
2025-02-11 15:20:56.478 MSK [16] LOG:  listening on Unix socket "/var/run/postgresql/.s.PGSQL.5432"
2025-02-11 15:20:56.483 MSK [16] LOG:  could not open usermap file "/var/lib/postgresql/data/pg_ident.conf": No such file or directory
2025-02-11 15:20:56.497 MSK [39] LOG:  database system was interrupted; last known up at 2025-02-11 15:07:58 MSK
2025-02-11 15:20:56.690 MSK [39] LOG:  database system was not properly shut down; automatic recovery in progress
2025-02-11 15:20:56.700 MSK [39] LOG:  redo starts at 0/1B000060
2025-02-11 15:20:56.700 MSK [39] LOG:  invalid record length at 0/1B000148: wanted 24, got 0
2025-02-11 15:20:56.701 MSK [39] LOG:  redo done at 0/1B000110 system usage: CPU: user: 0.00 s, system: 0.00 s, elapsed: 0.00 s
2025-02-11 15:20:56.717 MSK [37] LOG:  checkpoint starting: end-of-recovery immediate wait
2025-02-11 15:20:56.751 MSK [37] LOG:  checkpoint complete: wrote 3 buffers (0.0%); 0 WAL file(s) added, 0 removed, 0 recycled; write=0.013 s, sync=0.002 s, total=0.036 s; sync files=2, longest=0.001 s, average=0.001 s; distance=0 kB, estimate=0 kB
2025-02-11 15:20:56.758 MSK [16] LOG:  database system is ready to accept connections
2025-02-11 15:20:56.781 MSK [42] WARNING:  archive_mode enabled, yet archiving is not configured
2025-02-11 15:21:30.699 MSK [44] postgres@ptdev WARNING:  database "ptdev" has a collation version mismatch
2025-02-11 15:21:30.699 MSK [44] postgres@ptdev DETAIL:  The database was created using collation version 2.36, but the operating system provides version 2.31.
2025-02-11 15:21:30.699 MSK [44] postgres@ptdev HINT:  Rebuild all objects in this database that use the default collation and run ALTER DATABASE ptdev REFRESH COLLATION VERSION, or build PostgreSQL with the right library version.
2025-02-11 15:21:30.700 MSK [44] postgres@ptdev LOG:  statement: BEGIN
2025-02-11 15:21:30.700 MSK [44] postgres@ptdev LOG:  statement: SELECT phonenum FROM phone
2025-02-11 15:21:56.832 MSK [45] WARNING:  database "ptdev" has a collation version mismatch
2025-02-11 15:21:56.832 MSK [45] DETAIL:  The database was created using collation version 2.36, but the operating system provides version 2.31.
2025-02-11 15:21:56.832 MSK [45] HINT:  Rebuild all objects in this database that use the default collation and run ALTER DATABASE ptdev REFRESH COLLATION VERSION, or build PostgreSQL with the right library version.
2025-02-11 15:21:56.840 MSK [42] WARNING:  archive_mode enabled, yet archiving is not configured
2025-02-11 15:22:10.378 MSK [47] repl_user@[unknown] LOG:  received replication command: SHOW data_directory_mode
2025-02-11 15:22:10.378 MSK [47] repl_user@[unknown] STATEMENT:  SHOW data_directory_mode
2025-02-11 15:22:10.379 MSK [47] repl_user@[unknown] LOG:  received replication command: SHOW wal_segment_size
2025-02-11 15:22:10.379 MSK [47] repl_user@[unknown] STATEMENT:  SHOW wal_segment_size
2025-02-11 15:22:10.379 MSK [47] repl_user@[unknown] LOG:  received replication command: IDENTIFY_SYSTEM
2025-02-11 15:22:10.379 MSK [47] repl_user@[unknown] STATEMENT:  IDENTIFY_SYSTEM
2025-02-11 15:22:10.380 MSK [47] repl_user@[unknown] LOG:  received replication command: BASE_BACKUP ( LABEL 'pg_basebackup base backup',  PROGRESS,  WAIT 0,  MANIFEST 'yes',  TARGET 'client')
2025-02-11 15:22:10.380 MSK [47] repl_user@[unknown] STATEMENT:  BASE_BACKUP ( LABEL 'pg_basebackup base backup',  PROGRESS,  WAIT 0,  MANIFEST 'yes',  TARGET 'client')
2025-02-11 15:22:10.477 MSK [42] WARNING:  archive_mode enabled, yet archiving is not configured
2025-02-11 15:22:10.477 MSK [37] LOG:  checkpoint starting: force wait
2025-02-11 15:22:10.559 MSK [37] LOG:  checkpoint complete: wrote 0 buffers (0.0%); 0 WAL file(s) added, 0 removed, 0 recycled; write=0.003 s, sync=0.001 s, total=0.083 s; sync files=0, longest=0.000 s, average=0.000 s; distance=16383 kB, estimate=16383 kB
2025-02-11 15:22:10.605 MSK [48] repl_user@[unknown] LOG:  received replication command: SHOW data_directory_mode
2025-02-11 15:22:10.605 MSK [48] repl_user@[unknown] STATEMENT:  SHOW data_directory_mode
2025-02-11 15:22:10.605 MSK [48] repl_user@[unknown] LOG:  received replication command: CREATE_REPLICATION_SLOT "pg_basebackup_48" TEMPORARY PHYSICAL ( RESERVE_WAL)
2025-02-11 15:22:10.605 MSK [48] repl_user@[unknown] STATEMENT:  CREATE_REPLICATION_SLOT "pg_basebackup_48" TEMPORARY PHYSICAL ( RESERVE_WAL)
2025-02-11 15:22:10.615 MSK [48] repl_user@[unknown] LOG:  received replication command: IDENTIFY_SYSTEM
2025-02-11 15:22:10.615 MSK [48] repl_user@[unknown] STATEMENT:  IDENTIFY_SYSTEM
2025-02-11 15:22:10.615 MSK [48] repl_user@[unknown] LOG:  received replication command: START_REPLICATION SLOT "pg_basebackup_48" 0/1C000000 TIMELINE 1
2025-02-11 15:22:10.615 MSK [48] repl_user@[unknown] STATEMENT:  START_REPLICATION SLOT "pg_basebackup_48" 0/1C000000 TIMELINE 1
2025-02-11 15:22:12.492 MSK [42] WARNING:  archive_mode enabled, yet archiving is not configured
2025-02-11 15:22:12.509 MSK [42] WARNING:  archive_mode enabled, yet archiving is not configured
2025-02-11 15:22:56.890 MSK [51] WARNING:  database "ptdev" has a collation version mismatch
2025-02-11 15:22:56.890 MSK [51] DETAIL:  The database was created using collation version 2.36, but the operating system provides version 2.31.
2025-02-11 15:22:56.890 MSK [51] HINT:  Rebuild all objects in this database that use the default collation and run ALTER DATABASE ptdev REFRESH COLLATION VERSION, or build PostgreSQL with the right library version.
2025-02-11 15:23:12.549 MSK [42] WARNING:  archive_mode enabled, yet archiving is not configured
2025-02-11 15:23:56.905 MSK [52] WARNING:  database "ptdev" has a collation version mismatch
2025-02-11 15:23:56.905 MSK [52] DETAIL:  The database was created using collation version 2.36, but the operating system provides version 2.31.
2025-02-11 15:23:56.905 MSK [52] HINT:  Rebuild all objects in this database that use the default collation and run ALTER DATABASE ptdev REFRESH COLLATION VERSION, or build PostgreSQL with the right library version.
2025-02-11 15:24:12.604 MSK [42] WARNING:  archive_mode enabled, yet archiving is not configured
2025-02-11 15:24:56.956 MSK [62] WARNING:  database "ptdev" has a collation version mismatch
2025-02-11 15:24:56.956 MSK [62] DETAIL:  The database was created using collation version 2.36, but the operating system provides version 2.31.
2025-02-11 15:24:56.956 MSK [62] HINT:  Rebuild all objects in this database that use the default collation and run ALTER DATABASE ptdev REFRESH COLLATION VERSION, or build PostgreSQL with the right library version.
2025-02-11 15:25:12.648 MSK [42] WARNING:  archive_mode enabled, yet archiving is not configured
2025-02-11 15:25:57.012 MSK [64] WARNING:  database "ptdev" has a collation version mismatch
2025-02-11 15:25:57.012 MSK [64] DETAIL:  The database was created using collation version 2.36, but the operating system provides version 2.31.
2025-02-11 15:25:57.012 MSK [64] HINT:  Rebuild all objects in this database that use the default collation and run ALTER DATABASE ptdev REFRESH COLLATION VERSION, or build PostgreSQL with the right library version.
2025-02-11 15:26:12.709 MSK [42] WARNING:  archive_mode enabled, yet archiving is not configured
2025-02-11 15:28:42.550 MSK [17] LOG:  starting PostgreSQL 15.1 (Debian 15.1-1.pgdg110+1) on x86_64-pc-linux-gnu, compiled by gcc (Debian 10.2.1-6) 10.2.1 20210110, 64-bit
2025-02-11 15:28:42.550 MSK [17] LOG:  listening on IPv4 address "0.0.0.0", port 5432
2025-02-11 15:28:42.550 MSK [17] LOG:  listening on IPv6 address "::", port 5432
2025-02-11 15:28:42.555 MSK [17] LOG:  listening on Unix socket "/var/run/postgresql/.s.PGSQL.5432"
2025-02-11 15:28:42.569 MSK [17] LOG:  could not open usermap file "/var/lib/postgresql/data/pg_ident.conf": No such file or directory
2025-02-11 15:28:42.578 MSK [41] LOG:  database system was interrupted; last known up at 2025-02-11 15:22:10 MSK
2025-02-11 15:28:42.724 MSK [41] LOG:  database system was not properly shut down; automatic recovery in progress
2025-02-11 15:28:42.737 MSK [41] LOG:  redo starts at 0/1C000060
2025-02-11 15:28:42.737 MSK [41] LOG:  invalid record length at 0/1D000060: wanted 24, got 0
2025-02-11 15:28:42.737 MSK [41] LOG:  redo done at 0/1D000028 system usage: CPU: user: 0.00 s, system: 0.00 s, elapsed: 0.00 s
2025-02-11 15:28:42.772 MSK [39] LOG:  checkpoint starting: end-of-recovery immediate wait
2025-02-11 15:28:42.791 MSK [39] LOG:  checkpoint complete: wrote 3 buffers (0.0%); 0 WAL file(s) added, 0 removed, 0 recycled; write=0.005 s, sync=0.003 s, total=0.021 s; sync files=2, longest=0.002 s, average=0.002 s; distance=16384 kB, estimate=16384 kB
2025-02-11 15:28:42.798 MSK [17] LOG:  database system is ready to accept connections
2025-02-11 15:28:42.801 MSK [44] WARNING:  archive_mode enabled, yet archiving is not configured
2025-02-11 15:29:01.076 MSK [47] repl_user@[unknown] LOG:  received replication command: SHOW data_directory_mode
2025-02-11 15:29:01.076 MSK [47] repl_user@[unknown] STATEMENT:  SHOW data_directory_mode
2025-02-11 15:29:01.081 MSK [47] repl_user@[unknown] LOG:  received replication command: SHOW wal_segment_size
2025-02-11 15:29:01.081 MSK [47] repl_user@[unknown] STATEMENT:  SHOW wal_segment_size
2025-02-11 15:29:01.082 MSK [47] repl_user@[unknown] LOG:  received replication command: IDENTIFY_SYSTEM
2025-02-11 15:29:01.082 MSK [47] repl_user@[unknown] STATEMENT:  IDENTIFY_SYSTEM
2025-02-11 15:29:01.083 MSK [47] repl_user@[unknown] LOG:  received replication command: BASE_BACKUP ( LABEL 'pg_basebackup base backup',  PROGRESS,  WAIT 0,  MANIFEST 'yes',  TARGET 'client')
2025-02-11 15:29:01.083 MSK [47] repl_user@[unknown] STATEMENT:  BASE_BACKUP ( LABEL 'pg_basebackup base backup',  PROGRESS,  WAIT 0,  MANIFEST 'yes',  TARGET 'client')
2025-02-11 15:29:01.182 MSK [44] WARNING:  archive_mode enabled, yet archiving is not configured
2025-02-11 15:29:01.213 MSK [39] LOG:  checkpoint starting: force wait
2025-02-11 15:29:01.330 MSK [39] LOG:  checkpoint complete: wrote 0 buffers (0.0%); 0 WAL file(s) added, 0 removed, 0 recycled; write=0.001 s, sync=0.001 s, total=0.117 s; sync files=0, longest=0.000 s, average=0.000 s; distance=16383 kB, estimate=16383 kB
2025-02-11 15:29:01.393 MSK [48] repl_user@[unknown] LOG:  received replication command: SHOW data_directory_mode
2025-02-11 15:29:01.393 MSK [48] repl_user@[unknown] STATEMENT:  SHOW data_directory_mode
2025-02-11 15:29:01.393 MSK [48] repl_user@[unknown] LOG:  received replication command: CREATE_REPLICATION_SLOT "pg_basebackup_48" TEMPORARY PHYSICAL ( RESERVE_WAL)
2025-02-11 15:29:01.393 MSK [48] repl_user@[unknown] STATEMENT:  CREATE_REPLICATION_SLOT "pg_basebackup_48" TEMPORARY PHYSICAL ( RESERVE_WAL)
2025-02-11 15:29:01.406 MSK [48] repl_user@[unknown] LOG:  received replication command: IDENTIFY_SYSTEM
2025-02-11 15:29:01.406 MSK [48] repl_user@[unknown] STATEMENT:  IDENTIFY_SYSTEM
2025-02-11 15:29:01.407 MSK [48] repl_user@[unknown] LOG:  received replication command: START_REPLICATION SLOT "pg_basebackup_48" 0/1E000000 TIMELINE 1
2025-02-11 15:29:01.407 MSK [48] repl_user@[unknown] STATEMENT:  START_REPLICATION SLOT "pg_basebackup_48" 0/1E000000 TIMELINE 1
2025-02-11 15:29:03.077 MSK [44] WARNING:  archive_mode enabled, yet archiving is not configured
2025-02-11 15:29:03.077 MSK [44] WARNING:  archive_mode enabled, yet archiving is not configured
2025-02-11 15:30:03.136 MSK [44] WARNING:  archive_mode enabled, yet archiving is not configured
2025-02-11 15:31:03.191 MSK [44] WARNING:  archive_mode enabled, yet archiving is not configured
2025-02-11 15:32:03.220 MSK [44] WARNING:  archive_mode enabled, yet archiving is not configured
2025-02-11 15:33:03.280 MSK [44] WARNING:  archive_mode enabled, yet archiving is not configured
2025-02-11 15:34:01.424 MSK [39] LOG:  checkpoint starting: time
2025-02-11 15:34:01.430 MSK [39] LOG:  checkpoint complete: wrote 0 buffers (0.0%); 0 WAL file(s) added, 0 removed, 0 recycled; write=0.001 s, sync=0.001 s, total=0.006 s; sync files=0, longest=0.000 s, average=0.000 s; distance=16384 kB, estimate=16384 kB
2025-02-11 15:34:03.341 MSK [44] WARNING:  archive_mode enabled, yet archiving is not configured
2025-02-11 15:35:03.400 MSK [44] WARNING:  archive_mode enabled, yet archiving is not configured
2025-02-11 15:36:03.456 MSK [44] WARNING:  archive_mode enabled, yet archiving is not configured
2025-02-11 15:37:03.503 MSK [44] WARNING:  archive_mode enabled, yet archiving is not configured
2025-02-11 15:38:03.536 MSK [44] WARNING:  archive_mode enabled, yet archiving is not configured
2025-02-11 15:38:10.488 MSK [125] postgres@ptdev WARNING:  database "ptdev" has a collation version mismatch
2025-02-11 15:38:10.488 MSK [125] postgres@ptdev DETAIL:  The database was created using collation version 2.36, but the operating system provides version 2.31.
2025-02-11 15:38:10.488 MSK [125] postgres@ptdev HINT:  Rebuild all objects in this database that use the default collation and run ALTER DATABASE ptdev REFRESH COLLATION VERSION, or build PostgreSQL with the right library version.
2025-02-11 15:38:10.489 MSK [125] postgres@ptdev LOG:  statement: BEGIN
2025-02-11 15:38:10.490 MSK [125] postgres@ptdev LOG:  statement: SELECT phonenum FROM phone
2025-02-11 15:38:26.453 MSK [126] postgres@ptdev WARNING:  database "ptdev" has a collation version mismatch
2025-02-11 15:38:26.453 MSK [126] postgres@ptdev DETAIL:  The database was created using collation version 2.36, but the operating system provides version 2.31.
2025-02-11 15:38:26.453 MSK [126] postgres@ptdev HINT:  Rebuild all objects in this database that use the default collation and run ALTER DATABASE ptdev REFRESH COLLATION VERSION, or build PostgreSQL with the right library version.
2025-02-11 15:38:26.454 MSK [126] postgres@ptdev LOG:  statement: BEGIN
2025-02-11 15:38:26.455 MSK [126] postgres@ptdev LOG:  statement: INSERT INTO phone (phonenum) VALUES ('+7 925 046 34 11')
2025-02-11 15:38:26.457 MSK [126] postgres@ptdev LOG:  statement: COMMIT
2025-02-11 15:38:32.014 MSK [127] postgres@ptdev WARNING:  database "ptdev" has a collation version mismatch
2025-02-11 15:38:32.014 MSK [127] postgres@ptdev DETAIL:  The database was created using collation version 2.36, but the operating system provides version 2.31.
2025-02-11 15:38:32.014 MSK [127] postgres@ptdev HINT:  Rebuild all objects in this database that use the default collation and run ALTER DATABASE ptdev REFRESH COLLATION VERSION, or build PostgreSQL with the right library version.
2025-02-11 15:38:32.015 MSK [127] postgres@ptdev LOG:  statement: BEGIN
2025-02-11 15:38:32.015 MSK [127] postgres@ptdev LOG:  statement: SELECT phonenum FROM phone
2025-02-11 15:38:43.269 MSK [128] WARNING:  database "ptdev" has a collation version mismatch
2025-02-11 15:38:43.269 MSK [128] DETAIL:  The database was created using collation version 2.36, but the operating system provides version 2.31.
2025-02-11 15:38:43.269 MSK [128] HINT:  Rebuild all objects in this database that use the default collation and run ALTER DATABASE ptdev REFRESH COLLATION VERSION, or build PostgreSQL with the right library version.
2025-02-11 15:39:01.499 MSK [39] LOG:  checkpoint starting: time
2025-02-11 15:39:01.811 MSK [39] LOG:  checkpoint complete: wrote 4 buffers (0.0%); 0 WAL file(s) added, 0 removed, 0 recycled; write=0.305 s, sync=0.002 s, total=0.313 s; sync files=4, longest=0.001 s, average=0.001 s; distance=1 kB, estimate=14745 kB
2025-02-11 15:39:03.572 MSK [44] WARNING:  archive_mode enabled, yet archiving is not configured
2025-02-11 15:39:43.324 MSK [129] WARNING:  database "ptdev" has a collation version mismatch
2025-02-11 15:39:43.324 MSK [129] DETAIL:  The database was created using collation version 2.36, but the operating system provides version 2.31.
2025-02-11 15:39:43.324 MSK [129] HINT:  Rebuild all objects in this database that use the default collation and run ALTER DATABASE ptdev REFRESH COLLATION VERSION, or build PostgreSQL with the right library version.
2025-02-11 15:40:03.637 MSK [44] WARNING:  archive_mode enabled, yet archiving is not configured
2025-02-11 15:40:43.352 MSK [131] WARNING:  database "ptdev" has a collation version mismatch
2025-02-11 15:40:43.352 MSK [131] DETAIL:  The database was created using collation version 2.36, but the operating system provides version 2.31.
2025-02-11 15:40:43.352 MSK [131] HINT:  Rebuild all objects in this database that use the default collation and run ALTER DATABASE ptdev REFRESH COLLATION VERSION, or build PostgreSQL with the right library version.
2025-02-11 15:41:03.696 MSK [44] WARNING:  archive_mode enabled, yet archiving is not configured
2025-02-11 15:41:43.355 MSK [151] WARNING:  database "ptdev" has a collation version mismatch
2025-02-11 15:41:43.355 MSK [151] DETAIL:  The database was created using collation version 2.36, but the operating system provides version 2.31.
2025-02-11 15:41:43.355 MSK [151] HINT:  Rebuild all objects in this database that use the default collation and run ALTER DATABASE ptdev REFRESH COLLATION VERSION, or build PostgreSQL with the right library version.
2025-02-11 15:42:03.756 MSK [44] WARNING:  archive_mode enabled, yet archiving is not configured
2025-02-11 15:44:37.304 MSK [16] LOG:  starting PostgreSQL 15.1 (Debian 15.1-1.pgdg110+1) on x86_64-pc-linux-gnu, compiled by gcc (Debian 10.2.1-6) 10.2.1 20210110, 64-bit
2025-02-11 15:44:37.305 MSK [16] LOG:  listening on IPv4 address "0.0.0.0", port 5432
2025-02-11 15:44:37.305 MSK [16] LOG:  listening on IPv6 address "::", port 5432
2025-02-11 15:44:37.312 MSK [16] LOG:  listening on Unix socket "/var/run/postgresql/.s.PGSQL.5432"
2025-02-11 15:44:37.340 MSK [16] LOG:  could not open usermap file "/var/lib/postgresql/data/pg_ident.conf": No such file or directory
2025-02-11 15:44:37.350 MSK [40] LOG:  database system was interrupted; last known up at 2025-02-11 15:39:01 MSK
2025-02-11 15:44:37.460 MSK [40] LOG:  database system was not properly shut down; automatic recovery in progress
2025-02-11 15:44:37.470 MSK [40] LOG:  redo starts at 0/1F000590
2025-02-11 15:44:37.470 MSK [40] LOG:  invalid record length at 0/1F000678: wanted 24, got 0
2025-02-11 15:44:37.470 MSK [40] LOG:  redo done at 0/1F000640 system usage: CPU: user: 0.00 s, system: 0.00 s, elapsed: 0.00 s
2025-02-11 15:44:37.488 MSK [38] LOG:  checkpoint starting: end-of-recovery immediate wait
2025-02-11 15:44:37.508 MSK [38] LOG:  checkpoint complete: wrote 3 buffers (0.0%); 0 WAL file(s) added, 0 removed, 0 recycled; write=0.010 s, sync=0.002 s, total=0.022 s; sync files=2, longest=0.001 s, average=0.001 s; distance=0 kB, estimate=0 kB
2025-02-11 15:44:37.517 MSK [16] LOG:  database system is ready to accept connections
2025-02-11 15:44:37.540 MSK [43] WARNING:  archive_mode enabled, yet archiving is not configured
2025-02-11 15:45:20.712 MSK [49] postgres@ptdev WARNING:  database "ptdev" has a collation version mismatch
2025-02-11 15:45:20.712 MSK [49] postgres@ptdev DETAIL:  The database was created using collation version 2.36, but the operating system provides version 2.31.
2025-02-11 15:45:20.712 MSK [49] postgres@ptdev HINT:  Rebuild all objects in this database that use the default collation and run ALTER DATABASE ptdev REFRESH COLLATION VERSION, or build PostgreSQL with the right library version.
2025-02-11 15:45:20.714 MSK [49] postgres@ptdev LOG:  statement: BEGIN
2025-02-11 15:45:20.714 MSK [49] postgres@ptdev LOG:  statement: INSERT INTO phone (phonenum) VALUES ('+7 925 046 34 11')
2025-02-11 15:45:20.724 MSK [49] postgres@ptdev LOG:  statement: COMMIT
2025-02-11 15:45:26.744 MSK [50] postgres@ptdev WARNING:  database "ptdev" has a collation version mismatch
2025-02-11 15:45:26.744 MSK [50] postgres@ptdev DETAIL:  The database was created using collation version 2.36, but the operating system provides version 2.31.
2025-02-11 15:45:26.744 MSK [50] postgres@ptdev HINT:  Rebuild all objects in this database that use the default collation and run ALTER DATABASE ptdev REFRESH COLLATION VERSION, or build PostgreSQL with the right library version.
2025-02-11 15:45:26.749 MSK [50] postgres@ptdev LOG:  statement: BEGIN
2025-02-11 15:45:26.749 MSK [50] postgres@ptdev LOG:  statement: SELECT phonenum FROM phone
2025-02-11 15:45:37.600 MSK [43] WARNING:  archive_mode enabled, yet archiving is not configured
2025-02-11 15:45:37.612 MSK [51] WARNING:  database "ptdev" has a collation version mismatch
2025-02-11 15:45:37.612 MSK [51] DETAIL:  The database was created using collation version 2.36, but the operating system provides version 2.31.
2025-02-11 15:45:37.612 MSK [51] HINT:  Rebuild all objects in this database that use the default collation and run ALTER DATABASE ptdev REFRESH COLLATION VERSION, or build PostgreSQL with the right library version.
2025-02-11 15:45:44.943 MSK [53] repl_user@[unknown] LOG:  received replication command: SHOW data_directory_mode
2025-02-11 15:45:44.943 MSK [53] repl_user@[unknown] STATEMENT:  SHOW data_directory_mode
2025-02-11 15:45:44.948 MSK [53] repl_user@[unknown] LOG:  received replication command: SHOW wal_segment_size
2025-02-11 15:45:44.948 MSK [53] repl_user@[unknown] STATEMENT:  SHOW wal_segment_size
2025-02-11 15:45:44.948 MSK [53] repl_user@[unknown] LOG:  received replication command: IDENTIFY_SYSTEM
2025-02-11 15:45:44.948 MSK [53] repl_user@[unknown] STATEMENT:  IDENTIFY_SYSTEM
2025-02-11 15:45:44.949 MSK [53] repl_user@[unknown] LOG:  received replication command: BASE_BACKUP ( LABEL 'pg_basebackup base backup',  PROGRESS,  WAIT 0,  MANIFEST 'yes',  TARGET 'client')
2025-02-11 15:45:44.949 MSK [53] repl_user@[unknown] STATEMENT:  BASE_BACKUP ( LABEL 'pg_basebackup base backup',  PROGRESS,  WAIT 0,  MANIFEST 'yes',  TARGET 'client')
2025-02-11 15:45:45.047 MSK [43] WARNING:  archive_mode enabled, yet archiving is not configured
2025-02-11 15:45:45.047 MSK [38] LOG:  checkpoint starting: force wait
2025-02-11 15:45:45.423 MSK [38] LOG:  checkpoint complete: wrote 4 buffers (0.0%); 0 WAL file(s) added, 0 removed, 0 recycled; write=0.341 s, sync=0.007 s, total=0.376 s; sync files=4, longest=0.004 s, average=0.002 s; distance=16382 kB, estimate=16382 kB
2025-02-11 15:45:45.468 MSK [54] repl_user@[unknown] LOG:  received replication command: SHOW data_directory_mode
2025-02-11 15:45:45.468 MSK [54] repl_user@[unknown] STATEMENT:  SHOW data_directory_mode
2025-02-11 15:45:45.469 MSK [54] repl_user@[unknown] LOG:  received replication command: CREATE_REPLICATION_SLOT "pg_basebackup_54" TEMPORARY PHYSICAL ( RESERVE_WAL)
2025-02-11 15:45:45.469 MSK [54] repl_user@[unknown] STATEMENT:  CREATE_REPLICATION_SLOT "pg_basebackup_54" TEMPORARY PHYSICAL ( RESERVE_WAL)
2025-02-11 15:45:45.477 MSK [54] repl_user@[unknown] LOG:  received replication command: IDENTIFY_SYSTEM
2025-02-11 15:45:45.477 MSK [54] repl_user@[unknown] STATEMENT:  IDENTIFY_SYSTEM
2025-02-11 15:45:45.477 MSK [54] repl_user@[unknown] LOG:  received replication command: START_REPLICATION SLOT "pg_basebackup_54" 0/20000000 TIMELINE 1
2025-02-11 15:45:45.477 MSK [54] repl_user@[unknown] STATEMENT:  START_REPLICATION SLOT "pg_basebackup_54" 0/20000000 TIMELINE 1
2025-02-11 15:45:46.765 MSK [43] WARNING:  archive_mode enabled, yet archiving is not configured
2025-02-11 15:45:46.771 MSK [43] WARNING:  archive_mode enabled, yet archiving is not configured
2025-02-11 15:46:37.664 MSK [59] WARNING:  database "ptdev" has a collation version mismatch
2025-02-11 15:46:37.664 MSK [59] DETAIL:  The database was created using collation version 2.36, but the operating system provides version 2.31.
2025-02-11 15:46:37.664 MSK [59] HINT:  Rebuild all objects in this database that use the default collation and run ALTER DATABASE ptdev REFRESH COLLATION VERSION, or build PostgreSQL with the right library version.
2025-02-11 15:46:46.823 MSK [43] WARNING:  archive_mode enabled, yet archiving is not configured
2025-02-11 15:47:37.725 MSK [60] WARNING:  database "ptdev" has a collation version mismatch
2025-02-11 15:47:37.725 MSK [60] DETAIL:  The database was created using collation version 2.36, but the operating system provides version 2.31.
2025-02-11 15:47:37.725 MSK [60] HINT:  Rebuild all objects in this database that use the default collation and run ALTER DATABASE ptdev REFRESH COLLATION VERSION, or build PostgreSQL with the right library version.
2025-02-11 15:47:46.863 MSK [43] WARNING:  archive_mode enabled, yet archiving is not configured
2025-02-11 15:48:37.778 MSK [61] WARNING:  database "ptdev" has a collation version mismatch
2025-02-11 15:48:37.778 MSK [61] DETAIL:  The database was created using collation version 2.36, but the operating system provides version 2.31.
2025-02-11 15:48:37.778 MSK [61] HINT:  Rebuild all objects in this database that use the default collation and run ALTER DATABASE ptdev REFRESH COLLATION VERSION, or build PostgreSQL with the right library version.
2025-02-11 15:48:46.876 MSK [43] WARNING:  archive_mode enabled, yet archiving is not configured
2025-02-11 15:49:37.799 MSK [62] WARNING:  database "ptdev" has a collation version mismatch
2025-02-11 15:49:37.799 MSK [62] DETAIL:  The database was created using collation version 2.36, but the operating system provides version 2.31.
2025-02-11 15:49:37.799 MSK [62] HINT:  Rebuild all objects in this database that use the default collation and run ALTER DATABASE ptdev REFRESH COLLATION VERSION, or build PostgreSQL with the right library version.
2025-02-11 15:49:46.936 MSK [43] WARNING:  archive_mode enabled, yet archiving is not configured
2025-02-11 15:50:37.859 MSK [63] WARNING:  database "ptdev" has a collation version mismatch
2025-02-11 15:50:37.859 MSK [63] DETAIL:  The database was created using collation version 2.36, but the operating system provides version 2.31.
2025-02-11 15:50:37.859 MSK [63] HINT:  Rebuild all objects in this database that use the default collation and run ALTER DATABASE ptdev REFRESH COLLATION VERSION, or build PostgreSQL with the right library version.
2025-02-11 15:50:45.524 MSK [38] LOG:  checkpoint starting: time
2025-02-11 15:50:45.534 MSK [38] LOG:  checkpoint complete: wrote 0 buffers (0.0%); 0 WAL file(s) added, 0 removed, 0 recycled; write=0.001 s, sync=0.001 s, total=0.010 s; sync files=0, longest=0.000 s, average=0.000 s; distance=16384 kB, estimate=16384 kB
2025-02-11 15:50:46.968 MSK [43] WARNING:  archive_mode enabled, yet archiving is not configured
2025-02-11 15:51:37.914 MSK [64] WARNING:  database "ptdev" has a collation version mismatch
2025-02-11 15:51:37.914 MSK [64] DETAIL:  The database was created using collation version 2.36, but the operating system provides version 2.31.
2025-02-11 15:51:37.914 MSK [64] HINT:  Rebuild all objects in this database that use the default collation and run ALTER DATABASE ptdev REFRESH COLLATION VERSION, or build PostgreSQL with the right library version.
2025-02-11 15:51:47.028 MSK [43] WARNING:  archive_mode enabled, yet archiving is not configured
2025-02-11 15:52:37.962 MSK [65] WARNING:  database "ptdev" has a collation version mismatch
2025-02-11 15:52:37.962 MSK [65] DETAIL:  The database was created using collation version 2.36, but the operating system provides version 2.31.
2025-02-11 15:52:37.962 MSK [65] HINT:  Rebuild all objects in this database that use the default collation and run ALTER DATABASE ptdev REFRESH COLLATION VERSION, or build PostgreSQL with the right library version.
2025-02-11 15:52:47.088 MSK [43] WARNING:  archive_mode enabled, yet archiving is not configured
2025-02-11 15:53:38.021 MSK [66] WARNING:  database "ptdev" has a collation version mismatch
2025-02-11 15:53:38.021 MSK [66] DETAIL:  The database was created using collation version 2.36, but the operating system provides version 2.31.
2025-02-11 15:53:38.021 MSK [66] HINT:  Rebuild all objects in this database that use the default collation and run ALTER DATABASE ptdev REFRESH COLLATION VERSION, or build PostgreSQL with the right library version.
2025-02-11 15:53:47.144 MSK [43] WARNING:  archive_mode enabled, yet archiving is not configured
2025-02-11 15:54:38.081 MSK [67] WARNING:  database "ptdev" has a collation version mismatch
2025-02-11 15:54:38.081 MSK [67] DETAIL:  The database was created using collation version 2.36, but the operating system provides version 2.31.
2025-02-11 15:54:38.081 MSK [67] HINT:  Rebuild all objects in this database that use the default collation and run ALTER DATABASE ptdev REFRESH COLLATION VERSION, or build PostgreSQL with the right library version.
2025-02-11 15:54:47.204 MSK [43] WARNING:  archive_mode enabled, yet archiving is not configured
2025-02-11 15:55:38.085 MSK [68] WARNING:  database "ptdev" has a collation version mismatch
2025-02-11 15:55:38.085 MSK [68] DETAIL:  The database was created using collation version 2.36, but the operating system provides version 2.31.
2025-02-11 15:55:38.085 MSK [68] HINT:  Rebuild all objects in this database that use the default collation and run ALTER DATABASE ptdev REFRESH COLLATION VERSION, or build PostgreSQL with the right library version.
2025-02-11 15:55:47.215 MSK [43] WARNING:  archive_mode enabled, yet archiving is not configured
2025-02-11 15:56:38.140 MSK [69] WARNING:  database "ptdev" has a collation version mismatch
2025-02-11 15:56:38.140 MSK [69] DETAIL:  The database was created using collation version 2.36, but the operating system provides version 2.31.
2025-02-11 15:56:38.140 MSK [69] HINT:  Rebuild all objects in this database that use the default collation and run ALTER DATABASE ptdev REFRESH COLLATION VERSION, or build PostgreSQL with the right library version.
2025-02-11 15:56:47.272 MSK [43] WARNING:  archive_mode enabled, yet archiving is not configured
2025-02-11 15:57:38.156 MSK [70] WARNING:  database "ptdev" has a collation version mismatch
2025-02-11 15:57:38.156 MSK [70] DETAIL:  The database was created using collation version 2.36, but the operating system provides version 2.31.
2025-02-11 15:57:38.156 MSK [70] HINT:  Rebuild all objects in this database that use the default collation and run ALTER DATABASE ptdev REFRESH COLLATION VERSION, or build PostgreSQL with the right library version.
2025-02-11 15:57:47.332 MSK [43] WARNING:  archive_mode enabled, yet archiving is not configured
2025-02-11 15:58:38.191 MSK [71] WARNING:  database "ptdev" has a collation version mismatch
2025-02-11 15:58:38.191 MSK [71] DETAIL:  The database was created using collation version 2.36, but the operating system provides version 2.31.
2025-02-11 15:58:38.191 MSK [71] HINT:  Rebuild all objects in this database that use the default collation and run ALTER DATABASE ptdev REFRESH COLLATION VERSION, or build PostgreSQL with the right library version.
2025-02-11 15:58:47.394 MSK [43] WARNING:  archive_mode enabled, yet archiving is not configured
2025-02-11 15:59:38.247 MSK [72] WARNING:  database "ptdev" has a collation version mismatch
2025-02-11 15:59:38.247 MSK [72] DETAIL:  The database was created using collation version 2.36, but the operating system provides version 2.31.
2025-02-11 15:59:38.247 MSK [72] HINT:  Rebuild all objects in this database that use the default collation and run ALTER DATABASE ptdev REFRESH COLLATION VERSION, or build PostgreSQL with the right library version.
2025-02-11 15:59:47.452 MSK [43] WARNING:  archive_mode enabled, yet archiving is not configured
2025-02-11 16:50:41.321 MSK [16] LOG:  starting PostgreSQL 15.1 (Debian 15.1-1.pgdg110+1) on x86_64-pc-linux-gnu, compiled by gcc (Debian 10.2.1-6) 10.2.1 20210110, 64-bit
2025-02-11 16:50:41.323 MSK [16] LOG:  listening on IPv4 address "0.0.0.0", port 5432
2025-02-11 16:50:41.323 MSK [16] LOG:  listening on IPv6 address "::", port 5432
2025-02-11 16:50:41.325 MSK [16] LOG:  listening on Unix socket "/var/run/postgresql/.s.PGSQL.5432"
2025-02-11 16:50:41.331 MSK [16] LOG:  could not open usermap file "/var/lib/postgresql/data/pg_ident.conf": No such file or directory
2025-02-11 16:50:41.336 MSK [39] LOG:  database system was interrupted; last known up at 2025-02-11 15:50:45 MSK
2025-02-11 16:50:41.420 MSK [39] LOG:  database system was not properly shut down; automatic recovery in progress
2025-02-11 16:50:41.426 MSK [39] LOG:  redo starts at 0/21000060
2025-02-11 16:50:41.426 MSK [39] LOG:  invalid record length at 0/21000148: wanted 24, got 0
2025-02-11 16:50:41.426 MSK [39] LOG:  redo done at 0/21000110 system usage: CPU: user: 0.00 s, system: 0.00 s, elapsed: 0.00 s
2025-02-11 16:50:41.433 MSK [37] LOG:  checkpoint starting: end-of-recovery immediate wait
2025-02-11 16:50:41.443 MSK [37] LOG:  checkpoint complete: wrote 3 buffers (0.0%); 0 WAL file(s) added, 0 removed, 0 recycled; write=0.002 s, sync=0.001 s, total=0.011 s; sync files=2, longest=0.001 s, average=0.001 s; distance=0 kB, estimate=0 kB
2025-02-11 16:50:41.449 MSK [16] LOG:  database system is ready to accept connections
2025-02-11 16:50:41.452 MSK [42] WARNING:  archive_mode enabled, yet archiving is not configured
2025-02-11 16:51:08.468 MSK [48] postgres@ptdev WARNING:  database "ptdev" has a collation version mismatch
2025-02-11 16:51:08.468 MSK [48] postgres@ptdev DETAIL:  The database was created using collation version 2.36, but the operating system provides version 2.31.
2025-02-11 16:51:08.468 MSK [48] postgres@ptdev HINT:  Rebuild all objects in this database that use the default collation and run ALTER DATABASE ptdev REFRESH COLLATION VERSION, or build PostgreSQL with the right library version.
2025-02-11 16:51:08.471 MSK [48] postgres@ptdev LOG:  statement: BEGIN
2025-02-11 16:51:08.471 MSK [48] postgres@ptdev LOG:  statement: SELECT phonenum FROM phone
2025-02-11 16:51:21.785 MSK [49] postgres@ptdev WARNING:  database "ptdev" has a collation version mismatch
2025-02-11 16:51:21.785 MSK [49] postgres@ptdev DETAIL:  The database was created using collation version 2.36, but the operating system provides version 2.31.
2025-02-11 16:51:21.785 MSK [49] postgres@ptdev HINT:  Rebuild all objects in this database that use the default collation and run ALTER DATABASE ptdev REFRESH COLLATION VERSION, or build PostgreSQL with the right library version.
2025-02-11 16:51:21.787 MSK [49] postgres@ptdev LOG:  statement: BEGIN
2025-02-11 16:51:21.787 MSK [49] postgres@ptdev LOG:  statement: INSERT INTO phone (phonenum) VALUES ('+7 925 046 34 11')
2025-02-11 16:51:21.801 MSK [49] postgres@ptdev LOG:  statement: COMMIT
2025-02-11 16:51:25.349 MSK [50] postgres@ptdev WARNING:  database "ptdev" has a collation version mismatch
2025-02-11 16:51:25.349 MSK [50] postgres@ptdev DETAIL:  The database was created using collation version 2.36, but the operating system provides version 2.31.
2025-02-11 16:51:25.349 MSK [50] postgres@ptdev HINT:  Rebuild all objects in this database that use the default collation and run ALTER DATABASE ptdev REFRESH COLLATION VERSION, or build PostgreSQL with the right library version.
2025-02-11 16:51:25.350 MSK [50] postgres@ptdev LOG:  statement: BEGIN
2025-02-11 16:51:25.351 MSK [50] postgres@ptdev LOG:  statement: SELECT phonenum FROM phone
2025-02-11 16:51:41.515 MSK [42] WARNING:  archive_mode enabled, yet archiving is not configured
2025-02-11 16:51:41.522 MSK [55] WARNING:  database "ptdev" has a collation version mismatch
2025-02-11 16:51:41.522 MSK [55] DETAIL:  The database was created using collation version 2.36, but the operating system provides version 2.31.
2025-02-11 16:51:41.522 MSK [55] HINT:  Rebuild all objects in this database that use the default collation and run ALTER DATABASE ptdev REFRESH COLLATION VERSION, or build PostgreSQL with the right library version.
2025-02-11 16:52:41.561 MSK [42] WARNING:  archive_mode enabled, yet archiving is not configured
2025-02-11 16:52:41.565 MSK [56] WARNING:  database "ptdev" has a collation version mismatch
2025-02-11 16:52:41.565 MSK [56] DETAIL:  The database was created using collation version 2.36, but the operating system provides version 2.31.
2025-02-11 16:52:41.565 MSK [56] HINT:  Rebuild all objects in this database that use the default collation and run ALTER DATABASE ptdev REFRESH COLLATION VERSION, or build PostgreSQL with the right library version.
2025-02-11 16:53:41.621 MSK [42] WARNING:  archive_mode enabled, yet archiving is not configured
2025-02-11 16:53:41.629 MSK [57] WARNING:  database "ptdev" has a collation version mismatch
2025-02-11 16:53:41.629 MSK [57] DETAIL:  The database was created using collation version 2.36, but the operating system provides version 2.31.
2025-02-11 16:53:41.629 MSK [57] HINT:  Rebuild all objects in this database that use the default collation and run ALTER DATABASE ptdev REFRESH COLLATION VERSION, or build PostgreSQL with the right library version.
2025-02-11 16:54:41.681 MSK [42] WARNING:  archive_mode enabled, yet archiving is not configured
2025-02-11 16:54:41.685 MSK [58] WARNING:  database "ptdev" has a collation version mismatch
2025-02-11 16:54:41.685 MSK [58] DETAIL:  The database was created using collation version 2.36, but the operating system provides version 2.31.
2025-02-11 16:54:41.685 MSK [58] HINT:  Rebuild all objects in this database that use the default collation and run ALTER DATABASE ptdev REFRESH COLLATION VERSION, or build PostgreSQL with the right library version.
2025-02-11 16:55:18.261 MSK [59] postgres@ptdev WARNING:  database "ptdev" has a collation version mismatch
2025-02-11 16:55:18.261 MSK [59] postgres@ptdev DETAIL:  The database was created using collation version 2.36, but the operating system provides version 2.31.
2025-02-11 16:55:18.261 MSK [59] postgres@ptdev HINT:  Rebuild all objects in this database that use the default collation and run ALTER DATABASE ptdev REFRESH COLLATION VERSION, or build PostgreSQL with the right library version.
2025-02-11 16:55:18.262 MSK [59] postgres@ptdev LOG:  statement: BEGIN
2025-02-11 16:55:18.263 MSK [59] postgres@ptdev LOG:  statement: SELECT phonenum FROM phone
2025-02-11 16:55:41.541 MSK [37] LOG:  checkpoint starting: time
2025-02-11 16:55:41.713 MSK [42] WARNING:  archive_mode enabled, yet archiving is not configured
2025-02-11 16:55:41.719 MSK [64] WARNING:  database "ptdev" has a collation version mismatch
2025-02-11 16:55:41.719 MSK [64] DETAIL:  The database was created using collation version 2.36, but the operating system provides version 2.31.
2025-02-11 16:55:41.719 MSK [64] HINT:  Rebuild all objects in this database that use the default collation and run ALTER DATABASE ptdev REFRESH COLLATION VERSION, or build PostgreSQL with the right library version.
2025-02-11 16:55:41.864 MSK [37] LOG:  checkpoint complete: wrote 4 buffers (0.0%); 0 WAL file(s) added, 0 removed, 0 recycled; write=0.308 s, sync=0.005 s, total=0.324 s; sync files=4, longest=0.002 s, average=0.002 s; distance=1 kB, estimate=1 kB
2025-02-11 16:56:11.626 MSK [66] repl_user@[unknown] LOG:  received replication command: SHOW data_directory_mode
2025-02-11 16:56:11.626 MSK [66] repl_user@[unknown] STATEMENT:  SHOW data_directory_mode
2025-02-11 16:56:26.427 MSK [68] repl_user@[unknown] LOG:  received replication command: SHOW data_directory_mode
2025-02-11 16:56:26.427 MSK [68] repl_user@[unknown] STATEMENT:  SHOW data_directory_mode
2025-02-11 16:56:26.428 MSK [68] repl_user@[unknown] LOG:  received replication command: SHOW wal_segment_size
2025-02-11 16:56:26.428 MSK [68] repl_user@[unknown] STATEMENT:  SHOW wal_segment_size
2025-02-11 16:56:26.428 MSK [68] repl_user@[unknown] LOG:  received replication command: IDENTIFY_SYSTEM
2025-02-11 16:56:26.428 MSK [68] repl_user@[unknown] STATEMENT:  IDENTIFY_SYSTEM
2025-02-11 16:56:26.428 MSK [68] repl_user@[unknown] LOG:  received replication command: BASE_BACKUP ( LABEL 'pg_basebackup base backup',  PROGRESS,  WAIT 0,  MANIFEST 'yes',  TARGET 'client')
2025-02-11 16:56:26.428 MSK [68] repl_user@[unknown] STATEMENT:  BASE_BACKUP ( LABEL 'pg_basebackup base backup',  PROGRESS,  WAIT 0,  MANIFEST 'yes',  TARGET 'client')
2025-02-11 16:56:26.588 MSK [37] LOG:  checkpoint starting: force wait
2025-02-11 16:56:26.588 MSK [42] WARNING:  archive_mode enabled, yet archiving is not configured
2025-02-11 16:56:26.766 MSK [37] LOG:  checkpoint complete: wrote 0 buffers (0.0%); 0 WAL file(s) added, 0 removed, 0 recycled; write=0.001 s, sync=0.001 s, total=0.179 s; sync files=0, longest=0.000 s, average=0.000 s; distance=16382 kB, estimate=16382 kB
2025-02-11 16:56:26.817 MSK [69] repl_user@[unknown] LOG:  received replication command: SHOW data_directory_mode
2025-02-11 16:56:26.817 MSK [69] repl_user@[unknown] STATEMENT:  SHOW data_directory_mode
2025-02-11 16:56:26.817 MSK [69] repl_user@[unknown] LOG:  received replication command: CREATE_REPLICATION_SLOT "pg_basebackup_69" TEMPORARY PHYSICAL ( RESERVE_WAL)
2025-02-11 16:56:26.817 MSK [69] repl_user@[unknown] STATEMENT:  CREATE_REPLICATION_SLOT "pg_basebackup_69" TEMPORARY PHYSICAL ( RESERVE_WAL)
2025-02-11 16:56:26.827 MSK [69] repl_user@[unknown] LOG:  received replication command: IDENTIFY_SYSTEM
2025-02-11 16:56:26.827 MSK [69] repl_user@[unknown] STATEMENT:  IDENTIFY_SYSTEM
2025-02-11 16:56:26.830 MSK [69] repl_user@[unknown] LOG:  received replication command: START_REPLICATION SLOT "pg_basebackup_69" 0/22000000 TIMELINE 1
2025-02-11 16:56:26.830 MSK [69] repl_user@[unknown] STATEMENT:  START_REPLICATION SLOT "pg_basebackup_69" 0/22000000 TIMELINE 1
2025-02-11 16:56:29.980 MSK [42] WARNING:  archive_mode enabled, yet archiving is not configured
2025-02-11 16:56:29.997 MSK [42] WARNING:  archive_mode enabled, yet archiving is not configured
2025-02-11 16:56:41.768 MSK [70] WARNING:  database "ptdev" has a collation version mismatch
2025-02-11 16:56:41.768 MSK [70] DETAIL:  The database was created using collation version 2.36, but the operating system provides version 2.31.
2025-02-11 16:56:41.768 MSK [70] HINT:  Rebuild all objects in this database that use the default collation and run ALTER DATABASE ptdev REFRESH COLLATION VERSION, or build PostgreSQL with the right library version.
2025-02-11 16:57:30.057 MSK [42] WARNING:  archive_mode enabled, yet archiving is not configured
2025-02-11 16:57:41.825 MSK [75] WARNING:  database "ptdev" has a collation version mismatch
2025-02-11 16:57:41.825 MSK [75] DETAIL:  The database was created using collation version 2.36, but the operating system provides version 2.31.
2025-02-11 16:57:41.825 MSK [75] HINT:  Rebuild all objects in this database that use the default collation and run ALTER DATABASE ptdev REFRESH COLLATION VERSION, or build PostgreSQL with the right library version.
2025-02-11 16:58:30.108 MSK [42] WARNING:  archive_mode enabled, yet archiving is not configured
2025-02-11 16:58:41.882 MSK [76] WARNING:  database "ptdev" has a collation version mismatch
2025-02-11 16:58:41.882 MSK [76] DETAIL:  The database was created using collation version 2.36, but the operating system provides version 2.31.
2025-02-11 16:58:41.882 MSK [76] HINT:  Rebuild all objects in this database that use the default collation and run ALTER DATABASE ptdev REFRESH COLLATION VERSION, or build PostgreSQL with the right library version.
2025-02-11 16:59:30.167 MSK [42] WARNING:  archive_mode enabled, yet archiving is not configured
2025-02-11 16:59:41.940 MSK [77] WARNING:  database "ptdev" has a collation version mismatch
2025-02-11 16:59:41.940 MSK [77] DETAIL:  The database was created using collation version 2.36, but the operating system provides version 2.31.
2025-02-11 16:59:41.940 MSK [77] HINT:  Rebuild all objects in this database that use the default collation and run ALTER DATABASE ptdev REFRESH COLLATION VERSION, or build PostgreSQL with the right library version.
2025-02-11 17:00:30.222 MSK [42] WARNING:  archive_mode enabled, yet archiving is not configured
2025-02-11 17:00:41.991 MSK [78] WARNING:  database "ptdev" has a collation version mismatch
2025-02-11 17:00:41.991 MSK [78] DETAIL:  The database was created using collation version 2.36, but the operating system provides version 2.31.
2025-02-11 17:00:41.991 MSK [78] HINT:  Rebuild all objects in this database that use the default collation and run ALTER DATABASE ptdev REFRESH COLLATION VERSION, or build PostgreSQL with the right library version.
2025-02-11 17:01:26.806 MSK [37] LOG:  checkpoint starting: time
2025-02-11 17:01:26.813 MSK [37] LOG:  checkpoint complete: wrote 0 buffers (0.0%); 0 WAL file(s) added, 0 removed, 0 recycled; write=0.001 s, sync=0.001 s, total=0.008 s; sync files=0, longest=0.000 s, average=0.000 s; distance=16384 kB, estimate=16384 kB
2025-02-11 17:01:30.256 MSK [42] WARNING:  archive_mode enabled, yet archiving is not configured
2025-02-11 17:01:42.045 MSK [79] WARNING:  database "ptdev" has a collation version mismatch
2025-02-11 17:01:42.045 MSK [79] DETAIL:  The database was created using collation version 2.36, but the operating system provides version 2.31.
2025-02-11 17:01:42.045 MSK [79] HINT:  Rebuild all objects in this database that use the default collation and run ALTER DATABASE ptdev REFRESH COLLATION VERSION, or build PostgreSQL with the right library version.
2025-02-11 17:02:30.289 MSK [42] WARNING:  archive_mode enabled, yet archiving is not configured
2025-02-11 17:02:42.099 MSK [80] WARNING:  database "ptdev" has a collation version mismatch
2025-02-11 17:02:42.099 MSK [80] DETAIL:  The database was created using collation version 2.36, but the operating system provides version 2.31.
2025-02-11 17:02:42.099 MSK [80] HINT:  Rebuild all objects in this database that use the default collation and run ALTER DATABASE ptdev REFRESH COLLATION VERSION, or build PostgreSQL with the right library version.
2025-02-11 17:03:30.348 MSK [42] WARNING:  archive_mode enabled, yet archiving is not configured
2025-02-11 17:03:42.161 MSK [81] WARNING:  database "ptdev" has a collation version mismatch
2025-02-11 17:03:42.161 MSK [81] DETAIL:  The database was created using collation version 2.36, but the operating system provides version 2.31.
2025-02-11 17:03:42.161 MSK [81] HINT:  Rebuild all objects in this database that use the default collation and run ALTER DATABASE ptdev REFRESH COLLATION VERSION, or build PostgreSQL with the right library version.
2025-02-11 17:04:30.405 MSK [42] WARNING:  archive_mode enabled, yet archiving is not configured
2025-02-11 17:04:42.218 MSK [82] WARNING:  database "ptdev" has a collation version mismatch
2025-02-11 17:04:42.218 MSK [82] DETAIL:  The database was created using collation version 2.36, but the operating system provides version 2.31.
2025-02-11 17:04:42.218 MSK [82] HINT:  Rebuild all objects in this database that use the default collation and run ALTER DATABASE ptdev REFRESH COLLATION VERSION, or build PostgreSQL with the right library version.
2025-02-11 17:05:30.437 MSK [42] WARNING:  archive_mode enabled, yet archiving is not configured
2025-02-11 17:05:42.279 MSK [83] WARNING:  database "ptdev" has a collation version mismatch
2025-02-11 17:05:42.279 MSK [83] DETAIL:  The database was created using collation version 2.36, but the operating system provides version 2.31.
2025-02-11 17:05:42.279 MSK [83] HINT:  Rebuild all objects in this database that use the default collation and run ALTER DATABASE ptdev REFRESH COLLATION VERSION, or build PostgreSQL with the right library version.
2025-02-11 17:06:30.489 MSK [42] WARNING:  archive_mode enabled, yet archiving is not configured
2025-02-11 17:06:42.330 MSK [84] WARNING:  database "ptdev" has a collation version mismatch
2025-02-11 17:06:42.330 MSK [84] DETAIL:  The database was created using collation version 2.36, but the operating system provides version 2.31.
2025-02-11 17:06:42.330 MSK [84] HINT:  Rebuild all objects in this database that use the default collation and run ALTER DATABASE ptdev REFRESH COLLATION VERSION, or build PostgreSQL with the right library version.
2025-02-11 17:07:30.518 MSK [42] WARNING:  archive_mode enabled, yet archiving is not configured
2025-02-11 17:07:42.387 MSK [85] WARNING:  database "ptdev" has a collation version mismatch
2025-02-11 17:07:42.387 MSK [85] DETAIL:  The database was created using collation version 2.36, but the operating system provides version 2.31.
2025-02-11 17:07:42.387 MSK [85] HINT:  Rebuild all objects in this database that use the default collation and run ALTER DATABASE ptdev REFRESH COLLATION VERSION, or build PostgreSQL with the right library version.
2025-02-11 17:08:30.568 MSK [42] WARNING:  archive_mode enabled, yet archiving is not configured
2025-02-11 17:08:42.443 MSK [86] WARNING:  database "ptdev" has a collation version mismatch
2025-02-11 17:08:42.443 MSK [86] DETAIL:  The database was created using collation version 2.36, but the operating system provides version 2.31.
2025-02-11 17:08:42.443 MSK [86] HINT:  Rebuild all objects in this database that use the default collation and run ALTER DATABASE ptdev REFRESH COLLATION VERSION, or build PostgreSQL with the right library version.
2025-02-11 17:09:30.617 MSK [42] WARNING:  archive_mode enabled, yet archiving is not configured
2025-02-11 17:09:42.495 MSK [87] WARNING:  database "ptdev" has a collation version mismatch
2025-02-11 17:09:42.495 MSK [87] DETAIL:  The database was created using collation version 2.36, but the operating system provides version 2.31.
2025-02-11 17:09:42.495 MSK [87] HINT:  Rebuild all objects in this database that use the default collation and run ALTER DATABASE ptdev REFRESH COLLATION VERSION, or build PostgreSQL with the right library version.
2025-02-11 17:10:30.633 MSK [42] WARNING:  archive_mode enabled, yet archiving is not configured
2025-02-11 17:10:42.553 MSK [88] WARNING:  database "ptdev" has a collation version mismatch
2025-02-11 17:10:42.553 MSK [88] DETAIL:  The database was created using collation version 2.36, but the operating system provides version 2.31.
2025-02-11 17:10:42.553 MSK [88] HINT:  Rebuild all objects in this database that use the default collation and run ALTER DATABASE ptdev REFRESH COLLATION VERSION, or build PostgreSQL with the right library version.
2025-02-11 17:11:30.714 MSK [42] WARNING:  archive_mode enabled, yet archiving is not configured
2025-02-11 17:11:42.609 MSK [89] WARNING:  database "ptdev" has a collation version mismatch
2025-02-11 17:11:42.609 MSK [89] DETAIL:  The database was created using collation version 2.36, but the operating system provides version 2.31.
2025-02-11 17:11:42.609 MSK [89] HINT:  Rebuild all objects in this database that use the default collation and run ALTER DATABASE ptdev REFRESH COLLATION VERSION, or build PostgreSQL with the right library version.
2025-02-11 17:12:30.769 MSK [42] WARNING:  archive_mode enabled, yet archiving is not configured
2025-02-11 17:12:42.670 MSK [90] WARNING:  database "ptdev" has a collation version mismatch
2025-02-11 17:12:42.670 MSK [90] DETAIL:  The database was created using collation version 2.36, but the operating system provides version 2.31.
2025-02-11 17:12:42.670 MSK [90] HINT:  Rebuild all objects in this database that use the default collation and run ALTER DATABASE ptdev REFRESH COLLATION VERSION, or build PostgreSQL with the right library version.
2025-02-11 17:13:30.830 MSK [42] WARNING:  archive_mode enabled, yet archiving is not configured
2025-02-11 17:13:42.698 MSK [91] WARNING:  database "ptdev" has a collation version mismatch
2025-02-11 17:13:42.698 MSK [91] DETAIL:  The database was created using collation version 2.36, but the operating system provides version 2.31.
2025-02-11 17:13:42.698 MSK [91] HINT:  Rebuild all objects in this database that use the default collation and run ALTER DATABASE ptdev REFRESH COLLATION VERSION, or build PostgreSQL with the right library version.
2025-02-11 17:14:30.876 MSK [42] WARNING:  archive_mode enabled, yet archiving is not configured
2025-02-11 17:14:42.754 MSK [92] WARNING:  database "ptdev" has a collation version mismatch
2025-02-11 17:14:42.754 MSK [92] DETAIL:  The database was created using collation version 2.36, but the operating system provides version 2.31.
2025-02-11 17:14:42.754 MSK [92] HINT:  Rebuild all objects in this database that use the default collation and run ALTER DATABASE ptdev REFRESH COLLATION VERSION, or build PostgreSQL with the right library version.
2025-02-11 17:15:30.926 MSK [42] WARNING:  archive_mode enabled, yet archiving is not configured
2025-02-11 17:15:42.814 MSK [93] WARNING:  database "ptdev" has a collation version mismatch
2025-02-11 17:15:42.814 MSK [93] DETAIL:  The database was created using collation version 2.36, but the operating system provides version 2.31.
2025-02-11 17:15:42.814 MSK [93] HINT:  Rebuild all objects in this database that use the default collation and run ALTER DATABASE ptdev REFRESH COLLATION VERSION, or build PostgreSQL with the right library version.
2025-02-11 17:16:30.973 MSK [42] WARNING:  archive_mode enabled, yet archiving is not configured
2025-02-11 17:16:42.874 MSK [94] WARNING:  database "ptdev" has a collation version mismatch
2025-02-11 17:16:42.874 MSK [94] DETAIL:  The database was created using collation version 2.36, but the operating system provides version 2.31.
2025-02-11 17:16:42.874 MSK [94] HINT:  Rebuild all objects in this database that use the default collation and run ALTER DATABASE ptdev REFRESH COLLATION VERSION, or build PostgreSQL with the right library version.
2025-02-11 17:17:31.021 MSK [42] WARNING:  archive_mode enabled, yet archiving is not configured
2025-02-11 17:17:42.900 MSK [95] WARNING:  database "ptdev" has a collation version mismatch
2025-02-11 17:17:42.900 MSK [95] DETAIL:  The database was created using collation version 2.36, but the operating system provides version 2.31.
2025-02-11 17:17:42.900 MSK [95] HINT:  Rebuild all objects in this database that use the default collation and run ALTER DATABASE ptdev REFRESH COLLATION VERSION, or build PostgreSQL with the right library version.
2025-02-11 17:18:31.041 MSK [42] WARNING:  archive_mode enabled, yet archiving is not configured
2025-02-11 17:18:42.958 MSK [96] WARNING:  database "ptdev" has a collation version mismatch
2025-02-11 17:18:42.958 MSK [96] DETAIL:  The database was created using collation version 2.36, but the operating system provides version 2.31.
2025-02-11 17:18:42.958 MSK [96] HINT:  Rebuild all objects in this database that use the default collation and run ALTER DATABASE ptdev REFRESH COLLATION VERSION, or build PostgreSQL with the right library version.
2025-02-11 17:19:31.057 MSK [42] WARNING:  archive_mode enabled, yet archiving is not configured
2025-02-11 17:19:43.018 MSK [97] WARNING:  database "ptdev" has a collation version mismatch
2025-02-11 17:19:43.018 MSK [97] DETAIL:  The database was created using collation version 2.36, but the operating system provides version 2.31.
2025-02-11 17:19:43.018 MSK [97] HINT:  Rebuild all objects in this database that use the default collation and run ALTER DATABASE ptdev REFRESH COLLATION VERSION, or build PostgreSQL with the right library version.
2025-02-11 17:20:31.115 MSK [42] WARNING:  archive_mode enabled, yet archiving is not configured
2025-02-11 17:20:43.076 MSK [98] WARNING:  database "ptdev" has a collation version mismatch
2025-02-11 17:20:43.076 MSK [98] DETAIL:  The database was created using collation version 2.36, but the operating system provides version 2.31.
2025-02-11 17:20:43.076 MSK [98] HINT:  Rebuild all objects in this database that use the default collation and run ALTER DATABASE ptdev REFRESH COLLATION VERSION, or build PostgreSQL with the right library version.
2025-02-11 17:21:31.173 MSK [42] WARNING:  archive_mode enabled, yet archiving is not configured
2025-02-11 17:21:43.127 MSK [99] WARNING:  database "ptdev" has a collation version mismatch
2025-02-11 17:21:43.127 MSK [99] DETAIL:  The database was created using collation version 2.36, but the operating system provides version 2.31.
2025-02-11 17:21:43.127 MSK [99] HINT:  Rebuild all objects in this database that use the default collation and run ALTER DATABASE ptdev REFRESH COLLATION VERSION, or build PostgreSQL with the right library version.
2025-02-11 17:22:31.227 MSK [42] WARNING:  archive_mode enabled, yet archiving is not configured
2025-02-11 17:22:43.186 MSK [100] WARNING:  database "ptdev" has a collation version mismatch
2025-02-11 17:22:43.186 MSK [100] DETAIL:  The database was created using collation version 2.36, but the operating system provides version 2.31.
2025-02-11 17:22:43.186 MSK [100] HINT:  Rebuild all objects in this database that use the default collation and run ALTER DATABASE ptdev REFRESH COLLATION VERSION, or build PostgreSQL with the right library version.
2025-02-11 17:23:31.288 MSK [42] WARNING:  archive_mode enabled, yet archiving is not configured
2025-02-11 17:23:43.243 MSK [101] WARNING:  database "ptdev" has a collation version mismatch
2025-02-11 17:23:43.243 MSK [101] DETAIL:  The database was created using collation version 2.36, but the operating system provides version 2.31.
2025-02-11 17:23:43.243 MSK [101] HINT:  Rebuild all objects in this database that use the default collation and run ALTER DATABASE ptdev REFRESH COLLATION VERSION, or build PostgreSQL with the right library version.
2025-02-11 17:24:31.345 MSK [42] WARNING:  archive_mode enabled, yet archiving is not configured
2025-02-11 17:24:43.303 MSK [102] WARNING:  database "ptdev" has a collation version mismatch
2025-02-11 17:24:43.303 MSK [102] DETAIL:  The database was created using collation version 2.36, but the operating system provides version 2.31.
2025-02-11 17:24:43.303 MSK [102] HINT:  Rebuild all objects in this database that use the default collation and run ALTER DATABASE ptdev REFRESH COLLATION VERSION, or build PostgreSQL with the right library version.
2025-02-11 17:25:31.409 MSK [42] WARNING:  archive_mode enabled, yet archiving is not configured
2025-02-11 17:25:43.358 MSK [103] WARNING:  database "ptdev" has a collation version mismatch
2025-02-11 17:25:43.358 MSK [103] DETAIL:  The database was created using collation version 2.36, but the operating system provides version 2.31.
2025-02-11 17:25:43.358 MSK [103] HINT:  Rebuild all objects in this database that use the default collation and run ALTER DATABASE ptdev REFRESH COLLATION VERSION, or build PostgreSQL with the right library version.
2025-02-11 17:26:31.433 MSK [42] WARNING:  archive_mode enabled, yet archiving is not configured
2025-02-11 17:26:43.417 MSK [104] WARNING:  database "ptdev" has a collation version mismatch
2025-02-11 17:26:43.417 MSK [104] DETAIL:  The database was created using collation version 2.36, but the operating system provides version 2.31.
2025-02-11 17:26:43.417 MSK [104] HINT:  Rebuild all objects in this database that use the default collation and run ALTER DATABASE ptdev REFRESH COLLATION VERSION, or build PostgreSQL with the right library version.
2025-02-11 17:27:31.493 MSK [42] WARNING:  archive_mode enabled, yet archiving is not configured
2025-02-11 17:27:43.457 MSK [105] WARNING:  database "ptdev" has a collation version mismatch
2025-02-11 17:27:43.457 MSK [105] DETAIL:  The database was created using collation version 2.36, but the operating system provides version 2.31.
2025-02-11 17:27:43.457 MSK [105] HINT:  Rebuild all objects in this database that use the default collation and run ALTER DATABASE ptdev REFRESH COLLATION VERSION, or build PostgreSQL with the right library version.
2025-02-11 17:28:31.553 MSK [42] WARNING:  archive_mode enabled, yet archiving is not configured
2025-02-11 17:28:43.508 MSK [106] WARNING:  database "ptdev" has a collation version mismatch
2025-02-11 17:28:43.508 MSK [106] DETAIL:  The database was created using collation version 2.36, but the operating system provides version 2.31.
2025-02-11 17:28:43.508 MSK [106] HINT:  Rebuild all objects in this database that use the default collation and run ALTER DATABASE ptdev REFRESH COLLATION VERSION, or build PostgreSQL with the right library version.
2025-02-11 17:29:31.582 MSK [42] WARNING:  archive_mode enabled, yet archiving is not configured
2025-02-11 17:29:43.568 MSK [107] WARNING:  database "ptdev" has a collation version mismatch
2025-02-11 17:29:43.568 MSK [107] DETAIL:  The database was created using collation version 2.36, but the operating system provides version 2.31.
2025-02-11 17:29:43.568 MSK [107] HINT:  Rebuild all objects in this database that use the default collation and run ALTER DATABASE ptdev REFRESH COLLATION VERSION, or build PostgreSQL with the right library version.
2025-02-11 17:30:31.641 MSK [42] WARNING:  archive_mode enabled, yet archiving is not configured
2025-02-11 17:30:43.568 MSK [108] WARNING:  database "ptdev" has a collation version mismatch
2025-02-11 17:30:43.568 MSK [108] DETAIL:  The database was created using collation version 2.36, but the operating system provides version 2.31.
2025-02-11 17:30:43.568 MSK [108] HINT:  Rebuild all objects in this database that use the default collation and run ALTER DATABASE ptdev REFRESH COLLATION VERSION, or build PostgreSQL with the right library version.
2025-02-11 17:31:31.701 MSK [42] WARNING:  archive_mode enabled, yet archiving is not configured
2025-02-11 17:31:43.630 MSK [109] WARNING:  database "ptdev" has a collation version mismatch
2025-02-11 17:31:43.630 MSK [109] DETAIL:  The database was created using collation version 2.36, but the operating system provides version 2.31.
2025-02-11 17:31:43.630 MSK [109] HINT:  Rebuild all objects in this database that use the default collation and run ALTER DATABASE ptdev REFRESH COLLATION VERSION, or build PostgreSQL with the right library version.
2025-02-11 17:32:31.760 MSK [42] WARNING:  archive_mode enabled, yet archiving is not configured
2025-02-11 17:32:43.684 MSK [110] WARNING:  database "ptdev" has a collation version mismatch
2025-02-11 17:32:43.684 MSK [110] DETAIL:  The database was created using collation version 2.36, but the operating system provides version 2.31.
2025-02-11 17:32:43.684 MSK [110] HINT:  Rebuild all objects in this database that use the default collation and run ALTER DATABASE ptdev REFRESH COLLATION VERSION, or build PostgreSQL with the right library version.
2025-02-11 17:33:31.821 MSK [42] WARNING:  archive_mode enabled, yet archiving is not configured
2025-02-11 17:33:43.726 MSK [111] WARNING:  database "ptdev" has a collation version mismatch
2025-02-11 17:33:43.726 MSK [111] DETAIL:  The database was created using collation version 2.36, but the operating system provides version 2.31.
2025-02-11 17:33:43.726 MSK [111] HINT:  Rebuild all objects in this database that use the default collation and run ALTER DATABASE ptdev REFRESH COLLATION VERSION, or build PostgreSQL with the right library version.
2025-02-11 17:34:31.880 MSK [42] WARNING:  archive_mode enabled, yet archiving is not configured
2025-02-11 17:34:43.782 MSK [112] WARNING:  database "ptdev" has a collation version mismatch
2025-02-11 17:34:43.782 MSK [112] DETAIL:  The database was created using collation version 2.36, but the operating system provides version 2.31.
2025-02-11 17:34:43.782 MSK [112] HINT:  Rebuild all objects in this database that use the default collation and run ALTER DATABASE ptdev REFRESH COLLATION VERSION, or build PostgreSQL with the right library version.
2025-02-11 17:35:31.937 MSK [42] WARNING:  archive_mode enabled, yet archiving is not configured
2025-02-11 17:35:43.839 MSK [113] WARNING:  database "ptdev" has a collation version mismatch
2025-02-11 17:35:43.839 MSK [113] DETAIL:  The database was created using collation version 2.36, but the operating system provides version 2.31.
2025-02-11 17:35:43.839 MSK [113] HINT:  Rebuild all objects in this database that use the default collation and run ALTER DATABASE ptdev REFRESH COLLATION VERSION, or build PostgreSQL with the right library version.
2025-02-11 17:36:31.949 MSK [42] WARNING:  archive_mode enabled, yet archiving is not configured
2025-02-11 17:36:43.900 MSK [114] WARNING:  database "ptdev" has a collation version mismatch
2025-02-11 17:36:43.900 MSK [114] DETAIL:  The database was created using collation version 2.36, but the operating system provides version 2.31.
2025-02-11 17:36:43.900 MSK [114] HINT:  Rebuild all objects in this database that use the default collation and run ALTER DATABASE ptdev REFRESH COLLATION VERSION, or build PostgreSQL with the right library version.
2025-02-11 17:37:31.995 MSK [42] WARNING:  archive_mode enabled, yet archiving is not configured
2025-02-11 17:37:43.938 MSK [115] WARNING:  database "ptdev" has a collation version mismatch
2025-02-11 17:37:43.938 MSK [115] DETAIL:  The database was created using collation version 2.36, but the operating system provides version 2.31.
2025-02-11 17:37:43.938 MSK [115] HINT:  Rebuild all objects in this database that use the default collation and run ALTER DATABASE ptdev REFRESH COLLATION VERSION, or build PostgreSQL with the right library version.
2025-02-11 17:38:32.053 MSK [42] WARNING:  archive_mode enabled, yet archiving is not configured
2025-02-11 17:38:43.999 MSK [116] WARNING:  database "ptdev" has a collation version mismatch
2025-02-11 17:38:43.999 MSK [116] DETAIL:  The database was created using collation version 2.36, but the operating system provides version 2.31.
2025-02-11 17:38:43.999 MSK [116] HINT:  Rebuild all objects in this database that use the default collation and run ALTER DATABASE ptdev REFRESH COLLATION VERSION, or build PostgreSQL with the right library version.
2025-02-11 17:39:32.113 MSK [42] WARNING:  archive_mode enabled, yet archiving is not configured
2025-02-11 17:39:44.016 MSK [117] WARNING:  database "ptdev" has a collation version mismatch
2025-02-11 17:39:44.016 MSK [117] DETAIL:  The database was created using collation version 2.36, but the operating system provides version 2.31.
2025-02-11 17:39:44.016 MSK [117] HINT:  Rebuild all objects in this database that use the default collation and run ALTER DATABASE ptdev REFRESH COLLATION VERSION, or build PostgreSQL with the right library version.
2025-02-11 17:40:32.165 MSK [42] WARNING:  archive_mode enabled, yet archiving is not configured
2025-02-11 17:40:44.069 MSK [118] WARNING:  database "ptdev" has a collation version mismatch
2025-02-11 17:40:44.069 MSK [118] DETAIL:  The database was created using collation version 2.36, but the operating system provides version 2.31.
2025-02-11 17:40:44.069 MSK [118] HINT:  Rebuild all objects in this database that use the default collation and run ALTER DATABASE ptdev REFRESH COLLATION VERSION, or build PostgreSQL with the right library version.
2025-02-11 17:41:32.214 MSK [42] WARNING:  archive_mode enabled, yet archiving is not configured
2025-02-11 17:41:44.131 MSK [119] WARNING:  database "ptdev" has a collation version mismatch
2025-02-11 17:41:44.131 MSK [119] DETAIL:  The database was created using collation version 2.36, but the operating system provides version 2.31.
2025-02-11 17:41:44.131 MSK [119] HINT:  Rebuild all objects in this database that use the default collation and run ALTER DATABASE ptdev REFRESH COLLATION VERSION, or build PostgreSQL with the right library version.
2025-02-11 17:42:32.269 MSK [42] WARNING:  archive_mode enabled, yet archiving is not configured
2025-02-11 17:42:44.184 MSK [120] WARNING:  database "ptdev" has a collation version mismatch
2025-02-11 17:42:44.184 MSK [120] DETAIL:  The database was created using collation version 2.36, but the operating system provides version 2.31.
2025-02-11 17:42:44.184 MSK [120] HINT:  Rebuild all objects in this database that use the default collation and run ALTER DATABASE ptdev REFRESH COLLATION VERSION, or build PostgreSQL with the right library version.
2025-02-11 17:43:32.329 MSK [42] WARNING:  archive_mode enabled, yet archiving is not configured
2025-02-11 17:43:44.246 MSK [121] WARNING:  database "ptdev" has a collation version mismatch
2025-02-11 17:43:44.246 MSK [121] DETAIL:  The database was created using collation version 2.36, but the operating system provides version 2.31.
2025-02-11 17:43:44.246 MSK [121] HINT:  Rebuild all objects in this database that use the default collation and run ALTER DATABASE ptdev REFRESH COLLATION VERSION, or build PostgreSQL with the right library version.
2025-02-11 17:44:32.389 MSK [42] WARNING:  archive_mode enabled, yet archiving is not configured
2025-02-11 17:44:44.304 MSK [122] WARNING:  database "ptdev" has a collation version mismatch
2025-02-11 17:44:44.304 MSK [122] DETAIL:  The database was created using collation version 2.36, but the operating system provides version 2.31.
2025-02-11 17:44:44.304 MSK [122] HINT:  Rebuild all objects in this database that use the default collation and run ALTER DATABASE ptdev REFRESH COLLATION VERSION, or build PostgreSQL with the right library version.
2025-02-11 17:45:32.471 MSK [42] WARNING:  archive_mode enabled, yet archiving is not configured
2025-02-11 17:45:44.380 MSK [123] WARNING:  database "ptdev" has a collation version mismatch
2025-02-11 17:45:44.380 MSK [123] DETAIL:  The database was created using collation version 2.36, but the operating system provides version 2.31.
2025-02-11 17:45:44.380 MSK [123] HINT:  Rebuild all objects in this database that use the default collation and run ALTER DATABASE ptdev REFRESH COLLATION VERSION, or build PostgreSQL with the right library version.
2025-02-11 17:46:32.529 MSK [42] WARNING:  archive_mode enabled, yet archiving is not configured
2025-02-11 17:46:44.421 MSK [124] WARNING:  database "ptdev" has a collation version mismatch
2025-02-11 17:46:44.421 MSK [124] DETAIL:  The database was created using collation version 2.36, but the operating system provides version 2.31.
2025-02-11 17:46:44.421 MSK [124] HINT:  Rebuild all objects in this database that use the default collation and run ALTER DATABASE ptdev REFRESH COLLATION VERSION, or build PostgreSQL with the right library version.
2025-02-11 17:47:32.561 MSK [42] WARNING:  archive_mode enabled, yet archiving is not configured
2025-02-11 17:47:44.481 MSK [125] WARNING:  database "ptdev" has a collation version mismatch
2025-02-11 17:47:44.481 MSK [125] DETAIL:  The database was created using collation version 2.36, but the operating system provides version 2.31.
2025-02-11 17:47:44.481 MSK [125] HINT:  Rebuild all objects in this database that use the default collation and run ALTER DATABASE ptdev REFRESH COLLATION VERSION, or build PostgreSQL with the right library version.
2025-02-11 17:48:32.621 MSK [42] WARNING:  archive_mode enabled, yet archiving is not configured
2025-02-11 17:48:44.542 MSK [126] WARNING:  database "ptdev" has a collation version mismatch
2025-02-11 17:48:44.542 MSK [126] DETAIL:  The database was created using collation version 2.36, but the operating system provides version 2.31.
2025-02-11 17:48:44.542 MSK [126] HINT:  Rebuild all objects in this database that use the default collation and run ALTER DATABASE ptdev REFRESH COLLATION VERSION, or build PostgreSQL with the right library version.
2025-02-11 17:49:32.663 MSK [42] WARNING:  archive_mode enabled, yet archiving is not configured
2025-02-11 17:49:44.603 MSK [127] WARNING:  database "ptdev" has a collation version mismatch
2025-02-11 17:49:44.603 MSK [127] DETAIL:  The database was created using collation version 2.36, but the operating system provides version 2.31.
2025-02-11 17:49:44.603 MSK [127] HINT:  Rebuild all objects in this database that use the default collation and run ALTER DATABASE ptdev REFRESH COLLATION VERSION, or build PostgreSQL with the right library version.
2025-02-11 17:50:32.713 MSK [42] WARNING:  archive_mode enabled, yet archiving is not configured
2025-02-11 17:50:44.669 MSK [128] WARNING:  database "ptdev" has a collation version mismatch
2025-02-11 17:50:44.669 MSK [128] DETAIL:  The database was created using collation version 2.36, but the operating system provides version 2.31.
2025-02-11 17:50:44.669 MSK [128] HINT:  Rebuild all objects in this database that use the default collation and run ALTER DATABASE ptdev REFRESH COLLATION VERSION, or build PostgreSQL with the right library version.
2025-02-11 17:51:32.761 MSK [42] WARNING:  archive_mode enabled, yet archiving is not configured
2025-02-11 17:51:44.705 MSK [129] WARNING:  database "ptdev" has a collation version mismatch
2025-02-11 17:51:44.705 MSK [129] DETAIL:  The database was created using collation version 2.36, but the operating system provides version 2.31.
2025-02-11 17:51:44.705 MSK [129] HINT:  Rebuild all objects in this database that use the default collation and run ALTER DATABASE ptdev REFRESH COLLATION VERSION, or build PostgreSQL with the right library version.
2025-02-11 17:52:32.765 MSK [42] WARNING:  archive_mode enabled, yet archiving is not configured
2025-02-11 17:52:44.745 MSK [130] WARNING:  database "ptdev" has a collation version mismatch
2025-02-11 17:52:44.745 MSK [130] DETAIL:  The database was created using collation version 2.36, but the operating system provides version 2.31.
2025-02-11 17:52:44.745 MSK [130] HINT:  Rebuild all objects in this database that use the default collation and run ALTER DATABASE ptdev REFRESH COLLATION VERSION, or build PostgreSQL with the right library version.
2025-02-11 17:53:32.795 MSK [42] WARNING:  archive_mode enabled, yet archiving is not configured
2025-02-11 17:53:44.801 MSK [131] WARNING:  database "ptdev" has a collation version mismatch
2025-02-11 17:53:44.801 MSK [131] DETAIL:  The database was created using collation version 2.36, but the operating system provides version 2.31.
2025-02-11 17:53:44.801 MSK [131] HINT:  Rebuild all objects in this database that use the default collation and run ALTER DATABASE ptdev REFRESH COLLATION VERSION, or build PostgreSQL with the right library version.
2025-02-11 17:54:32.805 MSK [42] WARNING:  archive_mode enabled, yet archiving is not configured
2025-02-11 17:54:44.857 MSK [132] WARNING:  database "ptdev" has a collation version mismatch
2025-02-11 17:54:44.857 MSK [132] DETAIL:  The database was created using collation version 2.36, but the operating system provides version 2.31.
2025-02-11 17:54:44.857 MSK [132] HINT:  Rebuild all objects in this database that use the default collation and run ALTER DATABASE ptdev REFRESH COLLATION VERSION, or build PostgreSQL with the right library version.
2025-02-11 17:55:32.851 MSK [42] WARNING:  archive_mode enabled, yet archiving is not configured
2025-02-11 17:55:44.917 MSK [133] WARNING:  database "ptdev" has a collation version mismatch
2025-02-11 17:55:44.917 MSK [133] DETAIL:  The database was created using collation version 2.36, but the operating system provides version 2.31.
2025-02-11 17:55:44.917 MSK [133] HINT:  Rebuild all objects in this database that use the default collation and run ALTER DATABASE ptdev REFRESH COLLATION VERSION, or build PostgreSQL with the right library version.
2025-02-11 17:56:32.907 MSK [42] WARNING:  archive_mode enabled, yet archiving is not configured
2025-02-11 17:56:44.955 MSK [134] WARNING:  database "ptdev" has a collation version mismatch
2025-02-11 17:56:44.955 MSK [134] DETAIL:  The database was created using collation version 2.36, but the operating system provides version 2.31.
2025-02-11 17:56:44.955 MSK [134] HINT:  Rebuild all objects in this database that use the default collation and run ALTER DATABASE ptdev REFRESH COLLATION VERSION, or build PostgreSQL with the right library version.
2025-02-11 17:57:32.965 MSK [42] WARNING:  archive_mode enabled, yet archiving is not configured
2025-02-11 17:57:45.015 MSK [135] WARNING:  database "ptdev" has a collation version mismatch
2025-02-11 17:57:45.015 MSK [135] DETAIL:  The database was created using collation version 2.36, but the operating system provides version 2.31.
2025-02-11 17:57:45.015 MSK [135] HINT:  Rebuild all objects in this database that use the default collation and run ALTER DATABASE ptdev REFRESH COLLATION VERSION, or build PostgreSQL with the right library version.
2025-02-11 17:58:33.018 MSK [42] WARNING:  archive_mode enabled, yet archiving is not configured
2025-02-11 17:58:45.052 MSK [136] WARNING:  database "ptdev" has a collation version mismatch
2025-02-11 17:58:45.052 MSK [136] DETAIL:  The database was created using collation version 2.36, but the operating system provides version 2.31.
2025-02-11 17:58:45.052 MSK [136] HINT:  Rebuild all objects in this database that use the default collation and run ALTER DATABASE ptdev REFRESH COLLATION VERSION, or build PostgreSQL with the right library version.
2025-02-11 17:59:33.078 MSK [42] WARNING:  archive_mode enabled, yet archiving is not configured
2025-02-11 17:59:45.112 MSK [137] WARNING:  database "ptdev" has a collation version mismatch
2025-02-11 17:59:45.112 MSK [137] DETAIL:  The database was created using collation version 2.36, but the operating system provides version 2.31.
2025-02-11 17:59:45.112 MSK [137] HINT:  Rebuild all objects in this database that use the default collation and run ALTER DATABASE ptdev REFRESH COLLATION VERSION, or build PostgreSQL with the right library version.
2025-02-11 18:00:33.139 MSK [42] WARNING:  archive_mode enabled, yet archiving is not configured
2025-02-11 18:00:45.171 MSK [138] WARNING:  database "ptdev" has a collation version mismatch
2025-02-11 18:00:45.171 MSK [138] DETAIL:  The database was created using collation version 2.36, but the operating system provides version 2.31.
2025-02-11 18:00:45.171 MSK [138] HINT:  Rebuild all objects in this database that use the default collation and run ALTER DATABASE ptdev REFRESH COLLATION VERSION, or build PostgreSQL with the right library version.
2025-02-11 18:01:33.197 MSK [42] WARNING:  archive_mode enabled, yet archiving is not configured
2025-02-11 18:01:45.200 MSK [139] WARNING:  database "ptdev" has a collation version mismatch
2025-02-11 18:01:45.200 MSK [139] DETAIL:  The database was created using collation version 2.36, but the operating system provides version 2.31.
2025-02-11 18:01:45.200 MSK [139] HINT:  Rebuild all objects in this database that use the default collation and run ALTER DATABASE ptdev REFRESH COLLATION VERSION, or build PostgreSQL with the right library version.
2025-02-11 18:02:33.258 MSK [42] WARNING:  archive_mode enabled, yet archiving is not configured
2025-02-11 18:02:45.252 MSK [140] WARNING:  database "ptdev" has a collation version mismatch
2025-02-11 18:02:45.252 MSK [140] DETAIL:  The database was created using collation version 2.36, but the operating system provides version 2.31.
2025-02-11 18:02:45.252 MSK [140] HINT:  Rebuild all objects in this database that use the default collation and run ALTER DATABASE ptdev REFRESH COLLATION VERSION, or build PostgreSQL with the right library version.
2025-02-11 18:03:33.311 MSK [42] WARNING:  archive_mode enabled, yet archiving is not configured
2025-02-11 18:03:45.290 MSK [141] WARNING:  database "ptdev" has a collation version mismatch
2025-02-11 18:03:45.290 MSK [141] DETAIL:  The database was created using collation version 2.36, but the operating system provides version 2.31.
2025-02-11 18:03:45.290 MSK [141] HINT:  Rebuild all objects in this database that use the default collation and run ALTER DATABASE ptdev REFRESH COLLATION VERSION, or build PostgreSQL with the right library version.
2025-02-11 18:04:33.329 MSK [42] WARNING:  archive_mode enabled, yet archiving is not configured
2025-02-11 18:04:45.349 MSK [142] WARNING:  database "ptdev" has a collation version mismatch
2025-02-11 18:04:45.349 MSK [142] DETAIL:  The database was created using collation version 2.36, but the operating system provides version 2.31.
2025-02-11 18:04:45.349 MSK [142] HINT:  Rebuild all objects in this database that use the default collation and run ALTER DATABASE ptdev REFRESH COLLATION VERSION, or build PostgreSQL with the right library version.
2025-02-11 18:05:33.389 MSK [42] WARNING:  archive_mode enabled, yet archiving is not configured
2025-02-11 18:05:45.400 MSK [143] WARNING:  database "ptdev" has a collation version mismatch
2025-02-11 18:05:45.400 MSK [143] DETAIL:  The database was created using collation version 2.36, but the operating system provides version 2.31.
2025-02-11 18:05:45.400 MSK [143] HINT:  Rebuild all objects in this database that use the default collation and run ALTER DATABASE ptdev REFRESH COLLATION VERSION, or build PostgreSQL with the right library version.
2025-02-11 18:06:33.449 MSK [42] WARNING:  archive_mode enabled, yet archiving is not configured
2025-02-11 18:06:45.461 MSK [144] WARNING:  database "ptdev" has a collation version mismatch
2025-02-11 18:06:45.461 MSK [144] DETAIL:  The database was created using collation version 2.36, but the operating system provides version 2.31.
2025-02-11 18:06:45.461 MSK [144] HINT:  Rebuild all objects in this database that use the default collation and run ALTER DATABASE ptdev REFRESH COLLATION VERSION, or build PostgreSQL with the right library version.
2025-02-11 18:07:33.510 MSK [42] WARNING:  archive_mode enabled, yet archiving is not configured
2025-02-11 18:07:45.526 MSK [145] WARNING:  database "ptdev" has a collation version mismatch
2025-02-11 18:07:45.526 MSK [145] DETAIL:  The database was created using collation version 2.36, but the operating system provides version 2.31.
2025-02-11 18:07:45.526 MSK [145] HINT:  Rebuild all objects in this database that use the default collation and run ALTER DATABASE ptdev REFRESH COLLATION VERSION, or build PostgreSQL with the right library version.
2025-02-11 18:08:33.521 MSK [42] WARNING:  archive_mode enabled, yet archiving is not configured
2025-02-11 18:08:45.582 MSK [146] WARNING:  database "ptdev" has a collation version mismatch
2025-02-11 18:08:45.582 MSK [146] DETAIL:  The database was created using collation version 2.36, but the operating system provides version 2.31.
2025-02-11 18:08:45.582 MSK [146] HINT:  Rebuild all objects in this database that use the default collation and run ALTER DATABASE ptdev REFRESH COLLATION VERSION, or build PostgreSQL with the right library version.
2025-02-11 18:09:33.581 MSK [42] WARNING:  archive_mode enabled, yet archiving is not configured
2025-02-11 18:09:45.640 MSK [147] WARNING:  database "ptdev" has a collation version mismatch
2025-02-11 18:09:45.640 MSK [147] DETAIL:  The database was created using collation version 2.36, but the operating system provides version 2.31.
2025-02-11 18:09:45.640 MSK [147] HINT:  Rebuild all objects in this database that use the default collation and run ALTER DATABASE ptdev REFRESH COLLATION VERSION, or build PostgreSQL with the right library version.
2025-02-11 18:10:33.641 MSK [42] WARNING:  archive_mode enabled, yet archiving is not configured
2025-02-11 18:10:45.698 MSK [148] WARNING:  database "ptdev" has a collation version mismatch
2025-02-11 18:10:45.698 MSK [148] DETAIL:  The database was created using collation version 2.36, but the operating system provides version 2.31.
2025-02-11 18:10:45.698 MSK [148] HINT:  Rebuild all objects in this database that use the default collation and run ALTER DATABASE ptdev REFRESH COLLATION VERSION, or build PostgreSQL with the right library version.
2025-02-11 18:11:33.645 MSK [42] WARNING:  archive_mode enabled, yet archiving is not configured
2025-02-11 18:11:45.727 MSK [149] WARNING:  database "ptdev" has a collation version mismatch
2025-02-11 18:11:45.727 MSK [149] DETAIL:  The database was created using collation version 2.36, but the operating system provides version 2.31.
2025-02-11 18:11:45.727 MSK [149] HINT:  Rebuild all objects in this database that use the default collation and run ALTER DATABASE ptdev REFRESH COLLATION VERSION, or build PostgreSQL with the right library version.
2025-02-11 18:12:33.669 MSK [42] WARNING:  archive_mode enabled, yet archiving is not configured
2025-02-11 18:12:45.736 MSK [150] WARNING:  database "ptdev" has a collation version mismatch
2025-02-11 18:12:45.736 MSK [150] DETAIL:  The database was created using collation version 2.36, but the operating system provides version 2.31.
2025-02-11 18:12:45.736 MSK [150] HINT:  Rebuild all objects in this database that use the default collation and run ALTER DATABASE ptdev REFRESH COLLATION VERSION, or build PostgreSQL with the right library version.
2025-02-11 18:13:33.727 MSK [42] WARNING:  archive_mode enabled, yet archiving is not configured
2025-02-11 18:13:45.777 MSK [151] WARNING:  database "ptdev" has a collation version mismatch
2025-02-11 18:13:45.777 MSK [151] DETAIL:  The database was created using collation version 2.36, but the operating system provides version 2.31.
2025-02-11 18:13:45.777 MSK [151] HINT:  Rebuild all objects in this database that use the default collation and run ALTER DATABASE ptdev REFRESH COLLATION VERSION, or build PostgreSQL with the right library version.
2025-02-11 18:14:33.788 MSK [42] WARNING:  archive_mode enabled, yet archiving is not configured
2025-02-11 18:14:45.812 MSK [152] WARNING:  database "ptdev" has a collation version mismatch
2025-02-11 18:14:45.812 MSK [152] DETAIL:  The database was created using collation version 2.36, but the operating system provides version 2.31.
2025-02-11 18:14:45.812 MSK [152] HINT:  Rebuild all objects in this database that use the default collation and run ALTER DATABASE ptdev REFRESH COLLATION VERSION, or build PostgreSQL with the right library version.
2025-02-11 18:15:33.825 MSK [42] WARNING:  archive_mode enabled, yet archiving is not configured
2025-02-11 18:15:45.828 MSK [153] WARNING:  database "ptdev" has a collation version mismatch
2025-02-11 18:15:45.828 MSK [153] DETAIL:  The database was created using collation version 2.36, but the operating system provides version 2.31.
2025-02-11 18:15:45.828 MSK [153] HINT:  Rebuild all objects in this database that use the default collation and run ALTER DATABASE ptdev REFRESH COLLATION VERSION, or build PostgreSQL with the right library version.
2025-02-11 18:16:33.873 MSK [42] WARNING:  archive_mode enabled, yet archiving is not configured
2025-02-11 18:16:45.880 MSK [154] WARNING:  database "ptdev" has a collation version mismatch
2025-02-11 18:16:45.880 MSK [154] DETAIL:  The database was created using collation version 2.36, but the operating system provides version 2.31.
2025-02-11 18:16:45.880 MSK [154] HINT:  Rebuild all objects in this database that use the default collation and run ALTER DATABASE ptdev REFRESH COLLATION VERSION, or build PostgreSQL with the right library version.
2025-02-11 18:17:33.931 MSK [42] WARNING:  archive_mode enabled, yet archiving is not configured
2025-02-11 18:17:45.883 MSK [155] WARNING:  database "ptdev" has a collation version mismatch
2025-02-11 18:17:45.883 MSK [155] DETAIL:  The database was created using collation version 2.36, but the operating system provides version 2.31.
2025-02-11 18:17:45.883 MSK [155] HINT:  Rebuild all objects in this database that use the default collation and run ALTER DATABASE ptdev REFRESH COLLATION VERSION, or build PostgreSQL with the right library version.
2025-02-11 18:18:33.962 MSK [42] WARNING:  archive_mode enabled, yet archiving is not configured
2025-02-11 18:18:45.914 MSK [156] WARNING:  database "ptdev" has a collation version mismatch
2025-02-11 18:18:45.914 MSK [156] DETAIL:  The database was created using collation version 2.36, but the operating system provides version 2.31.
2025-02-11 18:18:45.914 MSK [156] HINT:  Rebuild all objects in this database that use the default collation and run ALTER DATABASE ptdev REFRESH COLLATION VERSION, or build PostgreSQL with the right library version.
2025-02-11 18:19:34.023 MSK [42] WARNING:  archive_mode enabled, yet archiving is not configured
2025-02-11 18:19:45.950 MSK [157] WARNING:  database "ptdev" has a collation version mismatch
2025-02-11 18:19:45.950 MSK [157] DETAIL:  The database was created using collation version 2.36, but the operating system provides version 2.31.
2025-02-11 18:19:45.950 MSK [157] HINT:  Rebuild all objects in this database that use the default collation and run ALTER DATABASE ptdev REFRESH COLLATION VERSION, or build PostgreSQL with the right library version.
2025-02-11 18:20:34.083 MSK [42] WARNING:  archive_mode enabled, yet archiving is not configured
2025-02-11 18:20:46.003 MSK [158] WARNING:  database "ptdev" has a collation version mismatch
2025-02-11 18:20:46.003 MSK [158] DETAIL:  The database was created using collation version 2.36, but the operating system provides version 2.31.
2025-02-11 18:20:46.003 MSK [158] HINT:  Rebuild all objects in this database that use the default collation and run ALTER DATABASE ptdev REFRESH COLLATION VERSION, or build PostgreSQL with the right library version.
2025-02-11 18:21:34.114 MSK [42] WARNING:  archive_mode enabled, yet archiving is not configured
2025-02-11 18:21:46.049 MSK [159] WARNING:  database "ptdev" has a collation version mismatch
2025-02-11 18:21:46.049 MSK [159] DETAIL:  The database was created using collation version 2.36, but the operating system provides version 2.31.
2025-02-11 18:21:46.049 MSK [159] HINT:  Rebuild all objects in this database that use the default collation and run ALTER DATABASE ptdev REFRESH COLLATION VERSION, or build PostgreSQL with the right library version.
2025-02-11 18:22:34.164 MSK [42] WARNING:  archive_mode enabled, yet archiving is not configured
2025-02-11 18:22:46.111 MSK [160] WARNING:  database "ptdev" has a collation version mismatch
2025-02-11 18:22:46.111 MSK [160] DETAIL:  The database was created using collation version 2.36, but the operating system provides version 2.31.
2025-02-11 18:22:46.111 MSK [160] HINT:  Rebuild all objects in this database that use the default collation and run ALTER DATABASE ptdev REFRESH COLLATION VERSION, or build PostgreSQL with the right library version.
2025-02-11 18:23:34.242 MSK [42] WARNING:  archive_mode enabled, yet archiving is not configured
2025-02-11 18:23:46.139 MSK [161] WARNING:  database "ptdev" has a collation version mismatch
2025-02-11 18:23:46.139 MSK [161] DETAIL:  The database was created using collation version 2.36, but the operating system provides version 2.31.
2025-02-11 18:23:46.139 MSK [161] HINT:  Rebuild all objects in this database that use the default collation and run ALTER DATABASE ptdev REFRESH COLLATION VERSION, or build PostgreSQL with the right library version.
2025-02-11 18:24:34.279 MSK [42] WARNING:  archive_mode enabled, yet archiving is not configured
2025-02-11 18:24:46.185 MSK [162] WARNING:  database "ptdev" has a collation version mismatch
2025-02-11 18:24:46.185 MSK [162] DETAIL:  The database was created using collation version 2.36, but the operating system provides version 2.31.
2025-02-11 18:24:46.185 MSK [162] HINT:  Rebuild all objects in this database that use the default collation and run ALTER DATABASE ptdev REFRESH COLLATION VERSION, or build PostgreSQL with the right library version.
2025-02-11 18:25:34.337 MSK [42] WARNING:  archive_mode enabled, yet archiving is not configured
2025-02-11 18:25:46.221 MSK [163] WARNING:  database "ptdev" has a collation version mismatch
2025-02-11 18:25:46.221 MSK [163] DETAIL:  The database was created using collation version 2.36, but the operating system provides version 2.31.
2025-02-11 18:25:46.221 MSK [163] HINT:  Rebuild all objects in this database that use the default collation and run ALTER DATABASE ptdev REFRESH COLLATION VERSION, or build PostgreSQL with the right library version.
2025-02-11 18:26:34.397 MSK [42] WARNING:  archive_mode enabled, yet archiving is not configured
2025-02-11 18:26:46.266 MSK [164] WARNING:  database "ptdev" has a collation version mismatch
2025-02-11 18:26:46.266 MSK [164] DETAIL:  The database was created using collation version 2.36, but the operating system provides version 2.31.
2025-02-11 18:26:46.266 MSK [164] HINT:  Rebuild all objects in this database that use the default collation and run ALTER DATABASE ptdev REFRESH COLLATION VERSION, or build PostgreSQL with the right library version.
2025-02-11 18:27:34.448 MSK [42] WARNING:  archive_mode enabled, yet archiving is not configured
2025-02-11 18:27:46.347 MSK [165] WARNING:  database "ptdev" has a collation version mismatch
2025-02-11 18:27:46.347 MSK [165] DETAIL:  The database was created using collation version 2.36, but the operating system provides version 2.31.
2025-02-11 18:27:46.347 MSK [165] HINT:  Rebuild all objects in this database that use the default collation and run ALTER DATABASE ptdev REFRESH COLLATION VERSION, or build PostgreSQL with the right library version.
2025-02-11 18:28:34.505 MSK [42] WARNING:  archive_mode enabled, yet archiving is not configured
2025-02-11 18:28:46.397 MSK [166] WARNING:  database "ptdev" has a collation version mismatch
2025-02-11 18:28:46.397 MSK [166] DETAIL:  The database was created using collation version 2.36, but the operating system provides version 2.31.
2025-02-11 18:28:46.397 MSK [166] HINT:  Rebuild all objects in this database that use the default collation and run ALTER DATABASE ptdev REFRESH COLLATION VERSION, or build PostgreSQL with the right library version.
2025-02-11 18:29:34.566 MSK [42] WARNING:  archive_mode enabled, yet archiving is not configured
2025-02-11 18:29:46.447 MSK [167] WARNING:  database "ptdev" has a collation version mismatch
2025-02-11 18:29:46.447 MSK [167] DETAIL:  The database was created using collation version 2.36, but the operating system provides version 2.31.
2025-02-11 18:29:46.447 MSK [167] HINT:  Rebuild all objects in this database that use the default collation and run ALTER DATABASE ptdev REFRESH COLLATION VERSION, or build PostgreSQL with the right library version.
2025-02-11 18:30:34.624 MSK [42] WARNING:  archive_mode enabled, yet archiving is not configured
2025-02-11 18:30:46.479 MSK [168] WARNING:  database "ptdev" has a collation version mismatch
2025-02-11 18:30:46.479 MSK [168] DETAIL:  The database was created using collation version 2.36, but the operating system provides version 2.31.
2025-02-11 18:30:46.479 MSK [168] HINT:  Rebuild all objects in this database that use the default collation and run ALTER DATABASE ptdev REFRESH COLLATION VERSION, or build PostgreSQL with the right library version.
2025-02-11 18:31:34.637 MSK [42] WARNING:  archive_mode enabled, yet archiving is not configured
2025-02-11 18:31:46.526 MSK [169] WARNING:  database "ptdev" has a collation version mismatch
2025-02-11 18:31:46.526 MSK [169] DETAIL:  The database was created using collation version 2.36, but the operating system provides version 2.31.
2025-02-11 18:31:46.526 MSK [169] HINT:  Rebuild all objects in this database that use the default collation and run ALTER DATABASE ptdev REFRESH COLLATION VERSION, or build PostgreSQL with the right library version.
2025-02-11 18:32:34.672 MSK [42] WARNING:  archive_mode enabled, yet archiving is not configured
2025-02-11 18:32:46.580 MSK [170] WARNING:  database "ptdev" has a collation version mismatch
2025-02-11 18:32:46.580 MSK [170] DETAIL:  The database was created using collation version 2.36, but the operating system provides version 2.31.
2025-02-11 18:32:46.580 MSK [170] HINT:  Rebuild all objects in this database that use the default collation and run ALTER DATABASE ptdev REFRESH COLLATION VERSION, or build PostgreSQL with the right library version.
2025-02-11 18:33:34.729 MSK [42] WARNING:  archive_mode enabled, yet archiving is not configured
2025-02-11 18:33:46.586 MSK [171] WARNING:  database "ptdev" has a collation version mismatch
2025-02-11 18:33:46.586 MSK [171] DETAIL:  The database was created using collation version 2.36, but the operating system provides version 2.31.
2025-02-11 18:33:46.586 MSK [171] HINT:  Rebuild all objects in this database that use the default collation and run ALTER DATABASE ptdev REFRESH COLLATION VERSION, or build PostgreSQL with the right library version.
2025-02-11 18:34:34.796 MSK [42] WARNING:  archive_mode enabled, yet archiving is not configured
2025-02-11 18:34:46.621 MSK [172] WARNING:  database "ptdev" has a collation version mismatch
2025-02-11 18:34:46.621 MSK [172] DETAIL:  The database was created using collation version 2.36, but the operating system provides version 2.31.
2025-02-11 18:34:46.621 MSK [172] HINT:  Rebuild all objects in this database that use the default collation and run ALTER DATABASE ptdev REFRESH COLLATION VERSION, or build PostgreSQL with the right library version.
2025-02-11 18:35:34.857 MSK [42] WARNING:  archive_mode enabled, yet archiving is not configured
2025-02-11 18:35:46.647 MSK [173] WARNING:  database "ptdev" has a collation version mismatch
2025-02-11 18:35:46.647 MSK [173] DETAIL:  The database was created using collation version 2.36, but the operating system provides version 2.31.
2025-02-11 18:35:46.647 MSK [173] HINT:  Rebuild all objects in this database that use the default collation and run ALTER DATABASE ptdev REFRESH COLLATION VERSION, or build PostgreSQL with the right library version.
2025-02-11 18:36:34.882 MSK [42] WARNING:  archive_mode enabled, yet archiving is not configured
2025-02-11 18:36:46.703 MSK [174] WARNING:  database "ptdev" has a collation version mismatch
2025-02-11 18:36:46.703 MSK [174] DETAIL:  The database was created using collation version 2.36, but the operating system provides version 2.31.
2025-02-11 18:36:46.703 MSK [174] HINT:  Rebuild all objects in this database that use the default collation and run ALTER DATABASE ptdev REFRESH COLLATION VERSION, or build PostgreSQL with the right library version.
2025-02-11 18:37:34.914 MSK [42] WARNING:  archive_mode enabled, yet archiving is not configured
2025-02-11 18:37:46.766 MSK [175] WARNING:  database "ptdev" has a collation version mismatch
2025-02-11 18:37:46.766 MSK [175] DETAIL:  The database was created using collation version 2.36, but the operating system provides version 2.31.
2025-02-11 18:37:46.766 MSK [175] HINT:  Rebuild all objects in this database that use the default collation and run ALTER DATABASE ptdev REFRESH COLLATION VERSION, or build PostgreSQL with the right library version.
2025-02-11 18:38:34.971 MSK [42] WARNING:  archive_mode enabled, yet archiving is not configured
2025-02-11 18:38:46.804 MSK [176] WARNING:  database "ptdev" has a collation version mismatch
2025-02-11 18:38:46.804 MSK [176] DETAIL:  The database was created using collation version 2.36, but the operating system provides version 2.31.
2025-02-11 18:38:46.804 MSK [176] HINT:  Rebuild all objects in this database that use the default collation and run ALTER DATABASE ptdev REFRESH COLLATION VERSION, or build PostgreSQL with the right library version.
2025-02-11 18:39:35.030 MSK [42] WARNING:  archive_mode enabled, yet archiving is not configured
2025-02-11 18:39:46.875 MSK [177] WARNING:  database "ptdev" has a collation version mismatch
2025-02-11 18:39:46.875 MSK [177] DETAIL:  The database was created using collation version 2.36, but the operating system provides version 2.31.
2025-02-11 18:39:46.875 MSK [177] HINT:  Rebuild all objects in this database that use the default collation and run ALTER DATABASE ptdev REFRESH COLLATION VERSION, or build PostgreSQL with the right library version.
2025-02-11 18:40:35.090 MSK [42] WARNING:  archive_mode enabled, yet archiving is not configured
2025-02-11 18:40:46.924 MSK [178] WARNING:  database "ptdev" has a collation version mismatch
2025-02-11 18:40:46.924 MSK [178] DETAIL:  The database was created using collation version 2.36, but the operating system provides version 2.31.
2025-02-11 18:40:46.924 MSK [178] HINT:  Rebuild all objects in this database that use the default collation and run ALTER DATABASE ptdev REFRESH COLLATION VERSION, or build PostgreSQL with the right library version.
2025-02-11 18:41:35.151 MSK [42] WARNING:  archive_mode enabled, yet archiving is not configured
2025-02-11 18:41:46.985 MSK [179] WARNING:  database "ptdev" has a collation version mismatch
2025-02-11 18:41:46.985 MSK [179] DETAIL:  The database was created using collation version 2.36, but the operating system provides version 2.31.
2025-02-11 18:41:46.985 MSK [179] HINT:  Rebuild all objects in this database that use the default collation and run ALTER DATABASE ptdev REFRESH COLLATION VERSION, or build PostgreSQL with the right library version.
2025-02-11 18:42:35.217 MSK [42] WARNING:  archive_mode enabled, yet archiving is not configured
2025-02-11 18:42:47.043 MSK [180] WARNING:  database "ptdev" has a collation version mismatch
2025-02-11 18:42:47.043 MSK [180] DETAIL:  The database was created using collation version 2.36, but the operating system provides version 2.31.
2025-02-11 18:42:47.043 MSK [180] HINT:  Rebuild all objects in this database that use the default collation and run ALTER DATABASE ptdev REFRESH COLLATION VERSION, or build PostgreSQL with the right library version.
2025-02-11 18:43:35.273 MSK [42] WARNING:  archive_mode enabled, yet archiving is not configured
2025-02-11 18:43:47.084 MSK [181] WARNING:  database "ptdev" has a collation version mismatch
2025-02-11 18:43:47.084 MSK [181] DETAIL:  The database was created using collation version 2.36, but the operating system provides version 2.31.
2025-02-11 18:43:47.084 MSK [181] HINT:  Rebuild all objects in this database that use the default collation and run ALTER DATABASE ptdev REFRESH COLLATION VERSION, or build PostgreSQL with the right library version.
2025-02-11 18:44:35.333 MSK [42] WARNING:  archive_mode enabled, yet archiving is not configured
2025-02-11 18:44:47.136 MSK [182] WARNING:  database "ptdev" has a collation version mismatch
2025-02-11 18:44:47.136 MSK [182] DETAIL:  The database was created using collation version 2.36, but the operating system provides version 2.31.
2025-02-11 18:44:47.136 MSK [182] HINT:  Rebuild all objects in this database that use the default collation and run ALTER DATABASE ptdev REFRESH COLLATION VERSION, or build PostgreSQL with the right library version.
2025-02-11 18:45:35.386 MSK [42] WARNING:  archive_mode enabled, yet archiving is not configured
2025-02-11 18:45:47.187 MSK [183] WARNING:  database "ptdev" has a collation version mismatch
2025-02-11 18:45:47.187 MSK [183] DETAIL:  The database was created using collation version 2.36, but the operating system provides version 2.31.
2025-02-11 18:45:47.187 MSK [183] HINT:  Rebuild all objects in this database that use the default collation and run ALTER DATABASE ptdev REFRESH COLLATION VERSION, or build PostgreSQL with the right library version.
2025-02-11 18:46:35.438 MSK [42] WARNING:  archive_mode enabled, yet archiving is not configured
2025-02-11 18:46:47.218 MSK [184] WARNING:  database "ptdev" has a collation version mismatch
2025-02-11 18:46:47.218 MSK [184] DETAIL:  The database was created using collation version 2.36, but the operating system provides version 2.31.
2025-02-11 18:46:47.218 MSK [184] HINT:  Rebuild all objects in this database that use the default collation and run ALTER DATABASE ptdev REFRESH COLLATION VERSION, or build PostgreSQL with the right library version.
2025-02-11 18:47:35.481 MSK [42] WARNING:  archive_mode enabled, yet archiving is not configured
2025-02-11 18:47:47.260 MSK [185] WARNING:  database "ptdev" has a collation version mismatch
2025-02-11 18:47:47.260 MSK [185] DETAIL:  The database was created using collation version 2.36, but the operating system provides version 2.31.
2025-02-11 18:47:47.260 MSK [185] HINT:  Rebuild all objects in this database that use the default collation and run ALTER DATABASE ptdev REFRESH COLLATION VERSION, or build PostgreSQL with the right library version.
2025-02-11 18:48:35.504 MSK [42] WARNING:  archive_mode enabled, yet archiving is not configured
2025-02-11 18:48:47.325 MSK [186] WARNING:  database "ptdev" has a collation version mismatch
2025-02-11 18:48:47.325 MSK [186] DETAIL:  The database was created using collation version 2.36, but the operating system provides version 2.31.
2025-02-11 18:48:47.325 MSK [186] HINT:  Rebuild all objects in this database that use the default collation and run ALTER DATABASE ptdev REFRESH COLLATION VERSION, or build PostgreSQL with the right library version.
2025-02-11 18:49:35.562 MSK [42] WARNING:  archive_mode enabled, yet archiving is not configured
2025-02-11 18:49:47.381 MSK [187] WARNING:  database "ptdev" has a collation version mismatch
2025-02-11 18:49:47.381 MSK [187] DETAIL:  The database was created using collation version 2.36, but the operating system provides version 2.31.
2025-02-11 18:49:47.381 MSK [187] HINT:  Rebuild all objects in this database that use the default collation and run ALTER DATABASE ptdev REFRESH COLLATION VERSION, or build PostgreSQL with the right library version.
2025-02-11 18:50:35.604 MSK [42] WARNING:  archive_mode enabled, yet archiving is not configured
2025-02-11 18:50:47.437 MSK [188] WARNING:  database "ptdev" has a collation version mismatch
2025-02-11 18:50:47.437 MSK [188] DETAIL:  The database was created using collation version 2.36, but the operating system provides version 2.31.
2025-02-11 18:50:47.437 MSK [188] HINT:  Rebuild all objects in this database that use the default collation and run ALTER DATABASE ptdev REFRESH COLLATION VERSION, or build PostgreSQL with the right library version.
2025-02-11 18:51:35.661 MSK [42] WARNING:  archive_mode enabled, yet archiving is not configured
2025-02-11 18:51:47.506 MSK [189] WARNING:  database "ptdev" has a collation version mismatch
2025-02-11 18:51:47.506 MSK [189] DETAIL:  The database was created using collation version 2.36, but the operating system provides version 2.31.
2025-02-11 18:51:47.506 MSK [189] HINT:  Rebuild all objects in this database that use the default collation and run ALTER DATABASE ptdev REFRESH COLLATION VERSION, or build PostgreSQL with the right library version.
2025-02-11 18:52:35.693 MSK [42] WARNING:  archive_mode enabled, yet archiving is not configured
2025-02-11 18:52:47.539 MSK [190] WARNING:  database "ptdev" has a collation version mismatch
2025-02-11 18:52:47.539 MSK [190] DETAIL:  The database was created using collation version 2.36, but the operating system provides version 2.31.
2025-02-11 18:52:47.539 MSK [190] HINT:  Rebuild all objects in this database that use the default collation and run ALTER DATABASE ptdev REFRESH COLLATION VERSION, or build PostgreSQL with the right library version.
2025-02-11 18:53:35.755 MSK [42] WARNING:  archive_mode enabled, yet archiving is not configured
2025-02-11 18:53:47.613 MSK [191] WARNING:  database "ptdev" has a collation version mismatch
2025-02-11 18:53:47.613 MSK [191] DETAIL:  The database was created using collation version 2.36, but the operating system provides version 2.31.
2025-02-11 18:53:47.613 MSK [191] HINT:  Rebuild all objects in this database that use the default collation and run ALTER DATABASE ptdev REFRESH COLLATION VERSION, or build PostgreSQL with the right library version.
2025-02-11 18:54:35.816 MSK [42] WARNING:  archive_mode enabled, yet archiving is not configured
2025-02-11 18:54:47.641 MSK [192] WARNING:  database "ptdev" has a collation version mismatch
2025-02-11 18:54:47.641 MSK [192] DETAIL:  The database was created using collation version 2.36, but the operating system provides version 2.31.
2025-02-11 18:54:47.641 MSK [192] HINT:  Rebuild all objects in this database that use the default collation and run ALTER DATABASE ptdev REFRESH COLLATION VERSION, or build PostgreSQL with the right library version.
2025-02-11 18:55:35.849 MSK [42] WARNING:  archive_mode enabled, yet archiving is not configured
2025-02-11 18:55:47.680 MSK [193] WARNING:  database "ptdev" has a collation version mismatch
2025-02-11 18:55:47.680 MSK [193] DETAIL:  The database was created using collation version 2.36, but the operating system provides version 2.31.
2025-02-11 18:55:47.680 MSK [193] HINT:  Rebuild all objects in this database that use the default collation and run ALTER DATABASE ptdev REFRESH COLLATION VERSION, or build PostgreSQL with the right library version.
2025-02-11 18:56:35.909 MSK [42] WARNING:  archive_mode enabled, yet archiving is not configured
2025-02-11 18:56:47.717 MSK [194] WARNING:  database "ptdev" has a collation version mismatch
2025-02-11 18:56:47.717 MSK [194] DETAIL:  The database was created using collation version 2.36, but the operating system provides version 2.31.
2025-02-11 18:56:47.717 MSK [194] HINT:  Rebuild all objects in this database that use the default collation and run ALTER DATABASE ptdev REFRESH COLLATION VERSION, or build PostgreSQL with the right library version.
2025-02-11 18:57:35.969 MSK [42] WARNING:  archive_mode enabled, yet archiving is not configured
2025-02-11 18:57:47.735 MSK [195] WARNING:  database "ptdev" has a collation version mismatch
2025-02-11 18:57:47.735 MSK [195] DETAIL:  The database was created using collation version 2.36, but the operating system provides version 2.31.
2025-02-11 18:57:47.735 MSK [195] HINT:  Rebuild all objects in this database that use the default collation and run ALTER DATABASE ptdev REFRESH COLLATION VERSION, or build PostgreSQL with the right library version.
2025-02-11 18:58:36.010 MSK [42] WARNING:  archive_mode enabled, yet archiving is not configured
2025-02-11 18:58:47.790 MSK [196] WARNING:  database "ptdev" has a collation version mismatch
2025-02-11 18:58:47.790 MSK [196] DETAIL:  The database was created using collation version 2.36, but the operating system provides version 2.31.
2025-02-11 18:58:47.790 MSK [196] HINT:  Rebuild all objects in this database that use the default collation and run ALTER DATABASE ptdev REFRESH COLLATION VERSION, or build PostgreSQL with the right library version.
2025-02-11 18:59:36.074 MSK [42] WARNING:  archive_mode enabled, yet archiving is not configured
2025-02-11 18:59:47.849 MSK [197] WARNING:  database "ptdev" has a collation version mismatch
2025-02-11 18:59:47.849 MSK [197] DETAIL:  The database was created using collation version 2.36, but the operating system provides version 2.31.
2025-02-11 18:59:47.849 MSK [197] HINT:  Rebuild all objects in this database that use the default collation and run ALTER DATABASE ptdev REFRESH COLLATION VERSION, or build PostgreSQL with the right library version.
2025-02-11 19:00:36.134 MSK [42] WARNING:  archive_mode enabled, yet archiving is not configured
2025-02-11 19:00:47.873 MSK [198] WARNING:  database "ptdev" has a collation version mismatch
2025-02-11 19:00:47.873 MSK [198] DETAIL:  The database was created using collation version 2.36, but the operating system provides version 2.31.
2025-02-11 19:00:47.873 MSK [198] HINT:  Rebuild all objects in this database that use the default collation and run ALTER DATABASE ptdev REFRESH COLLATION VERSION, or build PostgreSQL with the right library version.
2025-02-11 19:01:36.195 MSK [42] WARNING:  archive_mode enabled, yet archiving is not configured
2025-02-11 19:01:47.940 MSK [199] WARNING:  database "ptdev" has a collation version mismatch
2025-02-11 19:01:47.940 MSK [199] DETAIL:  The database was created using collation version 2.36, but the operating system provides version 2.31.
2025-02-11 19:01:47.940 MSK [199] HINT:  Rebuild all objects in this database that use the default collation and run ALTER DATABASE ptdev REFRESH COLLATION VERSION, or build PostgreSQL with the right library version.
2025-02-11 19:02:36.258 MSK [42] WARNING:  archive_mode enabled, yet archiving is not configured
2025-02-11 19:02:47.986 MSK [200] WARNING:  database "ptdev" has a collation version mismatch
2025-02-11 19:02:47.986 MSK [200] DETAIL:  The database was created using collation version 2.36, but the operating system provides version 2.31.
2025-02-11 19:02:47.986 MSK [200] HINT:  Rebuild all objects in this database that use the default collation and run ALTER DATABASE ptdev REFRESH COLLATION VERSION, or build PostgreSQL with the right library version.
2025-02-11 19:03:36.319 MSK [42] WARNING:  archive_mode enabled, yet archiving is not configured
2025-02-11 19:03:48.027 MSK [201] WARNING:  database "ptdev" has a collation version mismatch
2025-02-11 19:03:48.027 MSK [201] DETAIL:  The database was created using collation version 2.36, but the operating system provides version 2.31.
2025-02-11 19:03:48.027 MSK [201] HINT:  Rebuild all objects in this database that use the default collation and run ALTER DATABASE ptdev REFRESH COLLATION VERSION, or build PostgreSQL with the right library version.
2025-02-11 19:04:36.365 MSK [42] WARNING:  archive_mode enabled, yet archiving is not configured
2025-02-11 19:04:48.085 MSK [202] WARNING:  database "ptdev" has a collation version mismatch
2025-02-11 19:04:48.085 MSK [202] DETAIL:  The database was created using collation version 2.36, but the operating system provides version 2.31.
2025-02-11 19:04:48.085 MSK [202] HINT:  Rebuild all objects in this database that use the default collation and run ALTER DATABASE ptdev REFRESH COLLATION VERSION, or build PostgreSQL with the right library version.
2025-02-11 19:05:36.417 MSK [42] WARNING:  archive_mode enabled, yet archiving is not configured
2025-02-11 19:05:48.121 MSK [203] WARNING:  database "ptdev" has a collation version mismatch
2025-02-11 19:05:48.121 MSK [203] DETAIL:  The database was created using collation version 2.36, but the operating system provides version 2.31.
2025-02-11 19:05:48.121 MSK [203] HINT:  Rebuild all objects in this database that use the default collation and run ALTER DATABASE ptdev REFRESH COLLATION VERSION, or build PostgreSQL with the right library version.
2025-02-11 19:06:36.466 MSK [42] WARNING:  archive_mode enabled, yet archiving is not configured
2025-02-11 19:06:48.153 MSK [204] WARNING:  database "ptdev" has a collation version mismatch
2025-02-11 19:06:48.153 MSK [204] DETAIL:  The database was created using collation version 2.36, but the operating system provides version 2.31.
2025-02-11 19:06:48.153 MSK [204] HINT:  Rebuild all objects in this database that use the default collation and run ALTER DATABASE ptdev REFRESH COLLATION VERSION, or build PostgreSQL with the right library version.
2025-02-11 19:07:36.528 MSK [42] WARNING:  archive_mode enabled, yet archiving is not configured
2025-02-11 19:07:48.185 MSK [205] WARNING:  database "ptdev" has a collation version mismatch
2025-02-11 19:07:48.185 MSK [205] DETAIL:  The database was created using collation version 2.36, but the operating system provides version 2.31.
2025-02-11 19:07:48.185 MSK [205] HINT:  Rebuild all objects in this database that use the default collation and run ALTER DATABASE ptdev REFRESH COLLATION VERSION, or build PostgreSQL with the right library version.
2025-02-11 19:08:36.585 MSK [42] WARNING:  archive_mode enabled, yet archiving is not configured
2025-02-11 19:08:48.231 MSK [206] WARNING:  database "ptdev" has a collation version mismatch
2025-02-11 19:08:48.231 MSK [206] DETAIL:  The database was created using collation version 2.36, but the operating system provides version 2.31.
2025-02-11 19:08:48.231 MSK [206] HINT:  Rebuild all objects in this database that use the default collation and run ALTER DATABASE ptdev REFRESH COLLATION VERSION, or build PostgreSQL with the right library version.
2025-02-11 19:09:36.650 MSK [42] WARNING:  archive_mode enabled, yet archiving is not configured
2025-02-11 19:09:48.264 MSK [207] WARNING:  database "ptdev" has a collation version mismatch
2025-02-11 19:09:48.264 MSK [207] DETAIL:  The database was created using collation version 2.36, but the operating system provides version 2.31.
2025-02-11 19:09:48.264 MSK [207] HINT:  Rebuild all objects in this database that use the default collation and run ALTER DATABASE ptdev REFRESH COLLATION VERSION, or build PostgreSQL with the right library version.
2025-02-11 19:10:36.686 MSK [42] WARNING:  archive_mode enabled, yet archiving is not configured
2025-02-11 19:10:48.311 MSK [208] WARNING:  database "ptdev" has a collation version mismatch
2025-02-11 19:10:48.311 MSK [208] DETAIL:  The database was created using collation version 2.36, but the operating system provides version 2.31.
2025-02-11 19:10:48.311 MSK [208] HINT:  Rebuild all objects in this database that use the default collation and run ALTER DATABASE ptdev REFRESH COLLATION VERSION, or build PostgreSQL with the right library version.
2025-02-11 19:11:36.741 MSK [42] WARNING:  archive_mode enabled, yet archiving is not configured
2025-02-11 19:11:48.351 MSK [209] WARNING:  database "ptdev" has a collation version mismatch
2025-02-11 19:11:48.351 MSK [209] DETAIL:  The database was created using collation version 2.36, but the operating system provides version 2.31.
2025-02-11 19:11:48.351 MSK [209] HINT:  Rebuild all objects in this database that use the default collation and run ALTER DATABASE ptdev REFRESH COLLATION VERSION, or build PostgreSQL with the right library version.
2025-02-11 19:12:36.801 MSK [42] WARNING:  archive_mode enabled, yet archiving is not configured
2025-02-11 19:12:48.388 MSK [210] WARNING:  database "ptdev" has a collation version mismatch
2025-02-11 19:12:48.388 MSK [210] DETAIL:  The database was created using collation version 2.36, but the operating system provides version 2.31.
2025-02-11 19:12:48.388 MSK [210] HINT:  Rebuild all objects in this database that use the default collation and run ALTER DATABASE ptdev REFRESH COLLATION VERSION, or build PostgreSQL with the right library version.
2025-02-11 19:13:36.840 MSK [42] WARNING:  archive_mode enabled, yet archiving is not configured
2025-02-11 19:13:48.455 MSK [211] WARNING:  database "ptdev" has a collation version mismatch
2025-02-11 19:13:48.455 MSK [211] DETAIL:  The database was created using collation version 2.36, but the operating system provides version 2.31.
2025-02-11 19:13:48.455 MSK [211] HINT:  Rebuild all objects in this database that use the default collation and run ALTER DATABASE ptdev REFRESH COLLATION VERSION, or build PostgreSQL with the right library version.
2025-02-11 19:14:36.885 MSK [42] WARNING:  archive_mode enabled, yet archiving is not configured
2025-02-11 19:14:48.504 MSK [212] WARNING:  database "ptdev" has a collation version mismatch
2025-02-11 19:14:48.504 MSK [212] DETAIL:  The database was created using collation version 2.36, but the operating system provides version 2.31.
2025-02-11 19:14:48.504 MSK [212] HINT:  Rebuild all objects in this database that use the default collation and run ALTER DATABASE ptdev REFRESH COLLATION VERSION, or build PostgreSQL with the right library version.
2025-02-11 19:15:36.899 MSK [42] WARNING:  archive_mode enabled, yet archiving is not configured
2025-02-11 19:15:48.558 MSK [213] WARNING:  database "ptdev" has a collation version mismatch
2025-02-11 19:15:48.558 MSK [213] DETAIL:  The database was created using collation version 2.36, but the operating system provides version 2.31.
2025-02-11 19:15:48.558 MSK [213] HINT:  Rebuild all objects in this database that use the default collation and run ALTER DATABASE ptdev REFRESH COLLATION VERSION, or build PostgreSQL with the right library version.
2025-02-11 19:16:36.934 MSK [42] WARNING:  archive_mode enabled, yet archiving is not configured
2025-02-11 19:16:48.573 MSK [214] WARNING:  database "ptdev" has a collation version mismatch
2025-02-11 19:16:48.573 MSK [214] DETAIL:  The database was created using collation version 2.36, but the operating system provides version 2.31.
2025-02-11 19:16:48.573 MSK [214] HINT:  Rebuild all objects in this database that use the default collation and run ALTER DATABASE ptdev REFRESH COLLATION VERSION, or build PostgreSQL with the right library version.
2025-02-11 19:17:36.995 MSK [42] WARNING:  archive_mode enabled, yet archiving is not configured
2025-02-11 19:17:48.637 MSK [215] WARNING:  database "ptdev" has a collation version mismatch
2025-02-11 19:17:48.637 MSK [215] DETAIL:  The database was created using collation version 2.36, but the operating system provides version 2.31.
2025-02-11 19:17:48.637 MSK [215] HINT:  Rebuild all objects in this database that use the default collation and run ALTER DATABASE ptdev REFRESH COLLATION VERSION, or build PostgreSQL with the right library version.
2025-02-11 19:18:37.056 MSK [42] WARNING:  archive_mode enabled, yet archiving is not configured
2025-02-11 19:18:48.670 MSK [216] WARNING:  database "ptdev" has a collation version mismatch
2025-02-11 19:18:48.670 MSK [216] DETAIL:  The database was created using collation version 2.36, but the operating system provides version 2.31.
2025-02-11 19:18:48.670 MSK [216] HINT:  Rebuild all objects in this database that use the default collation and run ALTER DATABASE ptdev REFRESH COLLATION VERSION, or build PostgreSQL with the right library version.
2025-02-11 19:19:37.118 MSK [42] WARNING:  archive_mode enabled, yet archiving is not configured
2025-02-11 19:19:48.733 MSK [217] WARNING:  database "ptdev" has a collation version mismatch
2025-02-11 19:19:48.733 MSK [217] DETAIL:  The database was created using collation version 2.36, but the operating system provides version 2.31.
2025-02-11 19:19:48.733 MSK [217] HINT:  Rebuild all objects in this database that use the default collation and run ALTER DATABASE ptdev REFRESH COLLATION VERSION, or build PostgreSQL with the right library version.
2025-02-11 19:20:37.177 MSK [42] WARNING:  archive_mode enabled, yet archiving is not configured
2025-02-11 19:20:48.782 MSK [218] WARNING:  database "ptdev" has a collation version mismatch
2025-02-11 19:20:48.782 MSK [218] DETAIL:  The database was created using collation version 2.36, but the operating system provides version 2.31.
2025-02-11 19:20:48.782 MSK [218] HINT:  Rebuild all objects in this database that use the default collation and run ALTER DATABASE ptdev REFRESH COLLATION VERSION, or build PostgreSQL with the right library version.
2025-02-11 19:21:37.231 MSK [42] WARNING:  archive_mode enabled, yet archiving is not configured
2025-02-11 19:21:48.845 MSK [219] WARNING:  database "ptdev" has a collation version mismatch
2025-02-11 19:21:48.845 MSK [219] DETAIL:  The database was created using collation version 2.36, but the operating system provides version 2.31.
2025-02-11 19:21:48.845 MSK [219] HINT:  Rebuild all objects in this database that use the default collation and run ALTER DATABASE ptdev REFRESH COLLATION VERSION, or build PostgreSQL with the right library version.
2025-02-11 19:22:37.291 MSK [42] WARNING:  archive_mode enabled, yet archiving is not configured
2025-02-11 19:22:48.900 MSK [220] WARNING:  database "ptdev" has a collation version mismatch
2025-02-11 19:22:48.900 MSK [220] DETAIL:  The database was created using collation version 2.36, but the operating system provides version 2.31.
2025-02-11 19:22:48.900 MSK [220] HINT:  Rebuild all objects in this database that use the default collation and run ALTER DATABASE ptdev REFRESH COLLATION VERSION, or build PostgreSQL with the right library version.
2025-02-11 19:23:37.353 MSK [42] WARNING:  archive_mode enabled, yet archiving is not configured
2025-02-11 19:23:48.940 MSK [221] WARNING:  database "ptdev" has a collation version mismatch
2025-02-11 19:23:48.940 MSK [221] DETAIL:  The database was created using collation version 2.36, but the operating system provides version 2.31.
2025-02-11 19:23:48.940 MSK [221] HINT:  Rebuild all objects in this database that use the default collation and run ALTER DATABASE ptdev REFRESH COLLATION VERSION, or build PostgreSQL with the right library version.
2025-02-11 19:24:37.416 MSK [42] WARNING:  archive_mode enabled, yet archiving is not configured
2025-02-11 19:24:48.998 MSK [222] WARNING:  database "ptdev" has a collation version mismatch
2025-02-11 19:24:48.998 MSK [222] DETAIL:  The database was created using collation version 2.36, but the operating system provides version 2.31.
2025-02-11 19:24:48.998 MSK [222] HINT:  Rebuild all objects in this database that use the default collation and run ALTER DATABASE ptdev REFRESH COLLATION VERSION, or build PostgreSQL with the right library version.
2025-02-11 19:25:37.462 MSK [42] WARNING:  archive_mode enabled, yet archiving is not configured
2025-02-11 19:25:49.064 MSK [223] WARNING:  database "ptdev" has a collation version mismatch
2025-02-11 19:25:49.064 MSK [223] DETAIL:  The database was created using collation version 2.36, but the operating system provides version 2.31.
2025-02-11 19:25:49.064 MSK [223] HINT:  Rebuild all objects in this database that use the default collation and run ALTER DATABASE ptdev REFRESH COLLATION VERSION, or build PostgreSQL with the right library version.
2025-02-11 19:26:37.473 MSK [42] WARNING:  archive_mode enabled, yet archiving is not configured
2025-02-11 19:26:49.116 MSK [224] WARNING:  database "ptdev" has a collation version mismatch
2025-02-11 19:26:49.116 MSK [224] DETAIL:  The database was created using collation version 2.36, but the operating system provides version 2.31.
2025-02-11 19:26:49.116 MSK [224] HINT:  Rebuild all objects in this database that use the default collation and run ALTER DATABASE ptdev REFRESH COLLATION VERSION, or build PostgreSQL with the right library version.
2025-02-11 19:27:37.533 MSK [42] WARNING:  archive_mode enabled, yet archiving is not configured
2025-02-11 19:27:49.181 MSK [225] WARNING:  database "ptdev" has a collation version mismatch
2025-02-11 19:27:49.181 MSK [225] DETAIL:  The database was created using collation version 2.36, but the operating system provides version 2.31.
2025-02-11 19:27:49.181 MSK [225] HINT:  Rebuild all objects in this database that use the default collation and run ALTER DATABASE ptdev REFRESH COLLATION VERSION, or build PostgreSQL with the right library version.
2025-02-11 19:28:37.593 MSK [42] WARNING:  archive_mode enabled, yet archiving is not configured
2025-02-11 19:28:49.215 MSK [226] WARNING:  database "ptdev" has a collation version mismatch
2025-02-11 19:28:49.215 MSK [226] DETAIL:  The database was created using collation version 2.36, but the operating system provides version 2.31.
2025-02-11 19:28:49.215 MSK [226] HINT:  Rebuild all objects in this database that use the default collation and run ALTER DATABASE ptdev REFRESH COLLATION VERSION, or build PostgreSQL with the right library version.
2025-02-11 19:29:37.661 MSK [42] WARNING:  archive_mode enabled, yet archiving is not configured
2025-02-11 19:29:49.239 MSK [227] WARNING:  database "ptdev" has a collation version mismatch
2025-02-11 19:29:49.239 MSK [227] DETAIL:  The database was created using collation version 2.36, but the operating system provides version 2.31.
2025-02-11 19:29:49.239 MSK [227] HINT:  Rebuild all objects in this database that use the default collation and run ALTER DATABASE ptdev REFRESH COLLATION VERSION, or build PostgreSQL with the right library version.
2025-02-11 19:30:37.713 MSK [42] WARNING:  archive_mode enabled, yet archiving is not configured
2025-02-11 19:30:49.262 MSK [228] WARNING:  database "ptdev" has a collation version mismatch
2025-02-11 19:30:49.262 MSK [228] DETAIL:  The database was created using collation version 2.36, but the operating system provides version 2.31.
2025-02-11 19:30:49.262 MSK [228] HINT:  Rebuild all objects in this database that use the default collation and run ALTER DATABASE ptdev REFRESH COLLATION VERSION, or build PostgreSQL with the right library version.
2025-02-11 19:31:37.753 MSK [42] WARNING:  archive_mode enabled, yet archiving is not configured
2025-02-11 19:31:49.321 MSK [229] WARNING:  database "ptdev" has a collation version mismatch
2025-02-11 19:31:49.321 MSK [229] DETAIL:  The database was created using collation version 2.36, but the operating system provides version 2.31.
2025-02-11 19:31:49.321 MSK [229] HINT:  Rebuild all objects in this database that use the default collation and run ALTER DATABASE ptdev REFRESH COLLATION VERSION, or build PostgreSQL with the right library version.
2025-02-11 19:32:37.802 MSK [42] WARNING:  archive_mode enabled, yet archiving is not configured
2025-02-11 19:32:49.384 MSK [230] WARNING:  database "ptdev" has a collation version mismatch
2025-02-11 19:32:49.384 MSK [230] DETAIL:  The database was created using collation version 2.36, but the operating system provides version 2.31.
2025-02-11 19:32:49.384 MSK [230] HINT:  Rebuild all objects in this database that use the default collation and run ALTER DATABASE ptdev REFRESH COLLATION VERSION, or build PostgreSQL with the right library version.
2025-02-11 19:33:37.861 MSK [42] WARNING:  archive_mode enabled, yet archiving is not configured
2025-02-11 19:33:49.494 MSK [231] WARNING:  database "ptdev" has a collation version mismatch
2025-02-11 19:33:49.494 MSK [231] DETAIL:  The database was created using collation version 2.36, but the operating system provides version 2.31.
2025-02-11 19:33:49.494 MSK [231] HINT:  Rebuild all objects in this database that use the default collation and run ALTER DATABASE ptdev REFRESH COLLATION VERSION, or build PostgreSQL with the right library version.
2025-02-11 19:34:37.921 MSK [42] WARNING:  archive_mode enabled, yet archiving is not configured
2025-02-11 19:34:49.498 MSK [232] WARNING:  database "ptdev" has a collation version mismatch
2025-02-11 19:34:49.498 MSK [232] DETAIL:  The database was created using collation version 2.36, but the operating system provides version 2.31.
2025-02-11 19:34:49.498 MSK [232] HINT:  Rebuild all objects in this database that use the default collation and run ALTER DATABASE ptdev REFRESH COLLATION VERSION, or build PostgreSQL with the right library version.
2025-02-11 19:35:37.982 MSK [42] WARNING:  archive_mode enabled, yet archiving is not configured
2025-02-11 19:35:49.544 MSK [233] WARNING:  database "ptdev" has a collation version mismatch
2025-02-11 19:35:49.544 MSK [233] DETAIL:  The database was created using collation version 2.36, but the operating system provides version 2.31.
2025-02-11 19:35:49.544 MSK [233] HINT:  Rebuild all objects in this database that use the default collation and run ALTER DATABASE ptdev REFRESH COLLATION VERSION, or build PostgreSQL with the right library version.
2025-02-11 19:36:38.042 MSK [42] WARNING:  archive_mode enabled, yet archiving is not configured
2025-02-11 19:36:49.604 MSK [234] WARNING:  database "ptdev" has a collation version mismatch
2025-02-11 19:36:49.604 MSK [234] DETAIL:  The database was created using collation version 2.36, but the operating system provides version 2.31.
2025-02-11 19:36:49.604 MSK [234] HINT:  Rebuild all objects in this database that use the default collation and run ALTER DATABASE ptdev REFRESH COLLATION VERSION, or build PostgreSQL with the right library version.
2025-02-11 19:37:38.101 MSK [42] WARNING:  archive_mode enabled, yet archiving is not configured
2025-02-11 19:37:49.653 MSK [235] WARNING:  database "ptdev" has a collation version mismatch
2025-02-11 19:37:49.653 MSK [235] DETAIL:  The database was created using collation version 2.36, but the operating system provides version 2.31.
2025-02-11 19:37:49.653 MSK [235] HINT:  Rebuild all objects in this database that use the default collation and run ALTER DATABASE ptdev REFRESH COLLATION VERSION, or build PostgreSQL with the right library version.
2025-02-11 19:38:38.156 MSK [42] WARNING:  archive_mode enabled, yet archiving is not configured
2025-02-11 19:38:49.701 MSK [236] WARNING:  database "ptdev" has a collation version mismatch
2025-02-11 19:38:49.701 MSK [236] DETAIL:  The database was created using collation version 2.36, but the operating system provides version 2.31.
2025-02-11 19:38:49.701 MSK [236] HINT:  Rebuild all objects in this database that use the default collation and run ALTER DATABASE ptdev REFRESH COLLATION VERSION, or build PostgreSQL with the right library version.
2025-02-11 19:39:38.217 MSK [42] WARNING:  archive_mode enabled, yet archiving is not configured
2025-02-11 19:39:49.737 MSK [237] WARNING:  database "ptdev" has a collation version mismatch
2025-02-11 19:39:49.737 MSK [237] DETAIL:  The database was created using collation version 2.36, but the operating system provides version 2.31.
2025-02-11 19:39:49.737 MSK [237] HINT:  Rebuild all objects in this database that use the default collation and run ALTER DATABASE ptdev REFRESH COLLATION VERSION, or build PostgreSQL with the right library version.
2025-02-11 19:40:38.261 MSK [42] WARNING:  archive_mode enabled, yet archiving is not configured
2025-02-11 19:40:49.787 MSK [238] WARNING:  database "ptdev" has a collation version mismatch
2025-02-11 19:40:49.787 MSK [238] DETAIL:  The database was created using collation version 2.36, but the operating system provides version 2.31.
2025-02-11 19:40:49.787 MSK [238] HINT:  Rebuild all objects in this database that use the default collation and run ALTER DATABASE ptdev REFRESH COLLATION VERSION, or build PostgreSQL with the right library version.
2025-02-11 19:41:38.321 MSK [42] WARNING:  archive_mode enabled, yet archiving is not configured
2025-02-11 19:41:49.856 MSK [239] WARNING:  database "ptdev" has a collation version mismatch
2025-02-11 19:41:49.856 MSK [239] DETAIL:  The database was created using collation version 2.36, but the operating system provides version 2.31.
2025-02-11 19:41:49.856 MSK [239] HINT:  Rebuild all objects in this database that use the default collation and run ALTER DATABASE ptdev REFRESH COLLATION VERSION, or build PostgreSQL with the right library version.
2025-02-11 19:42:38.359 MSK [42] WARNING:  archive_mode enabled, yet archiving is not configured
2025-02-11 19:42:49.912 MSK [240] WARNING:  database "ptdev" has a collation version mismatch
2025-02-11 19:42:49.912 MSK [240] DETAIL:  The database was created using collation version 2.36, but the operating system provides version 2.31.
2025-02-11 19:42:49.912 MSK [240] HINT:  Rebuild all objects in this database that use the default collation and run ALTER DATABASE ptdev REFRESH COLLATION VERSION, or build PostgreSQL with the right library version.
2025-02-11 19:43:38.419 MSK [42] WARNING:  archive_mode enabled, yet archiving is not configured
2025-02-11 19:43:49.973 MSK [241] WARNING:  database "ptdev" has a collation version mismatch
2025-02-11 19:43:49.973 MSK [241] DETAIL:  The database was created using collation version 2.36, but the operating system provides version 2.31.
2025-02-11 19:43:49.973 MSK [241] HINT:  Rebuild all objects in this database that use the default collation and run ALTER DATABASE ptdev REFRESH COLLATION VERSION, or build PostgreSQL with the right library version.
2025-02-11 19:44:38.448 MSK [42] WARNING:  archive_mode enabled, yet archiving is not configured
2025-02-11 19:44:50.011 MSK [242] WARNING:  database "ptdev" has a collation version mismatch
2025-02-11 19:44:50.011 MSK [242] DETAIL:  The database was created using collation version 2.36, but the operating system provides version 2.31.
2025-02-11 19:44:50.011 MSK [242] HINT:  Rebuild all objects in this database that use the default collation and run ALTER DATABASE ptdev REFRESH COLLATION VERSION, or build PostgreSQL with the right library version.
2025-02-11 19:45:38.489 MSK [42] WARNING:  archive_mode enabled, yet archiving is not configured
2025-02-11 19:45:50.061 MSK [243] WARNING:  database "ptdev" has a collation version mismatch
2025-02-11 19:45:50.061 MSK [243] DETAIL:  The database was created using collation version 2.36, but the operating system provides version 2.31.
2025-02-11 19:45:50.061 MSK [243] HINT:  Rebuild all objects in this database that use the default collation and run ALTER DATABASE ptdev REFRESH COLLATION VERSION, or build PostgreSQL with the right library version.
2025-02-11 19:46:38.505 MSK [42] WARNING:  archive_mode enabled, yet archiving is not configured
2025-02-11 19:46:50.121 MSK [244] WARNING:  database "ptdev" has a collation version mismatch
2025-02-11 19:46:50.121 MSK [244] DETAIL:  The database was created using collation version 2.36, but the operating system provides version 2.31.
2025-02-11 19:46:50.121 MSK [244] HINT:  Rebuild all objects in this database that use the default collation and run ALTER DATABASE ptdev REFRESH COLLATION VERSION, or build PostgreSQL with the right library version.
2025-02-11 19:47:38.513 MSK [42] WARNING:  archive_mode enabled, yet archiving is not configured
2025-02-11 19:47:50.172 MSK [245] WARNING:  database "ptdev" has a collation version mismatch
2025-02-11 19:47:50.172 MSK [245] DETAIL:  The database was created using collation version 2.36, but the operating system provides version 2.31.
2025-02-11 19:47:50.172 MSK [245] HINT:  Rebuild all objects in this database that use the default collation and run ALTER DATABASE ptdev REFRESH COLLATION VERSION, or build PostgreSQL with the right library version.
2025-02-11 19:48:38.581 MSK [42] WARNING:  archive_mode enabled, yet archiving is not configured
2025-02-11 19:48:50.230 MSK [246] WARNING:  database "ptdev" has a collation version mismatch
2025-02-11 19:48:50.230 MSK [246] DETAIL:  The database was created using collation version 2.36, but the operating system provides version 2.31.
2025-02-11 19:48:50.230 MSK [246] HINT:  Rebuild all objects in this database that use the default collation and run ALTER DATABASE ptdev REFRESH COLLATION VERSION, or build PostgreSQL with the right library version.
2025-02-11 19:49:38.637 MSK [42] WARNING:  archive_mode enabled, yet archiving is not configured
2025-02-11 19:49:50.286 MSK [247] WARNING:  database "ptdev" has a collation version mismatch
2025-02-11 19:49:50.286 MSK [247] DETAIL:  The database was created using collation version 2.36, but the operating system provides version 2.31.
2025-02-11 19:49:50.286 MSK [247] HINT:  Rebuild all objects in this database that use the default collation and run ALTER DATABASE ptdev REFRESH COLLATION VERSION, or build PostgreSQL with the right library version.
2025-02-11 19:50:38.672 MSK [42] WARNING:  archive_mode enabled, yet archiving is not configured
2025-02-11 19:50:50.312 MSK [248] WARNING:  database "ptdev" has a collation version mismatch
2025-02-11 19:50:50.312 MSK [248] DETAIL:  The database was created using collation version 2.36, but the operating system provides version 2.31.
2025-02-11 19:50:50.312 MSK [248] HINT:  Rebuild all objects in this database that use the default collation and run ALTER DATABASE ptdev REFRESH COLLATION VERSION, or build PostgreSQL with the right library version.
2025-02-11 19:51:38.732 MSK [42] WARNING:  archive_mode enabled, yet archiving is not configured
2025-02-11 19:51:50.374 MSK [249] WARNING:  database "ptdev" has a collation version mismatch
2025-02-11 19:51:50.374 MSK [249] DETAIL:  The database was created using collation version 2.36, but the operating system provides version 2.31.
2025-02-11 19:51:50.374 MSK [249] HINT:  Rebuild all objects in this database that use the default collation and run ALTER DATABASE ptdev REFRESH COLLATION VERSION, or build PostgreSQL with the right library version.
2025-02-11 19:52:38.791 MSK [42] WARNING:  archive_mode enabled, yet archiving is not configured
2025-02-11 19:52:50.424 MSK [250] WARNING:  database "ptdev" has a collation version mismatch
2025-02-11 19:52:50.424 MSK [250] DETAIL:  The database was created using collation version 2.36, but the operating system provides version 2.31.
2025-02-11 19:52:50.424 MSK [250] HINT:  Rebuild all objects in this database that use the default collation and run ALTER DATABASE ptdev REFRESH COLLATION VERSION, or build PostgreSQL with the right library version.
2025-02-11 19:53:38.840 MSK [42] WARNING:  archive_mode enabled, yet archiving is not configured
2025-02-11 19:53:50.480 MSK [251] WARNING:  database "ptdev" has a collation version mismatch
2025-02-11 19:53:50.480 MSK [251] DETAIL:  The database was created using collation version 2.36, but the operating system provides version 2.31.
2025-02-11 19:53:50.480 MSK [251] HINT:  Rebuild all objects in this database that use the default collation and run ALTER DATABASE ptdev REFRESH COLLATION VERSION, or build PostgreSQL with the right library version.
2025-02-11 19:54:38.901 MSK [42] WARNING:  archive_mode enabled, yet archiving is not configured
2025-02-11 19:54:50.512 MSK [252] WARNING:  database "ptdev" has a collation version mismatch
2025-02-11 19:54:50.512 MSK [252] DETAIL:  The database was created using collation version 2.36, but the operating system provides version 2.31.
2025-02-11 19:54:50.512 MSK [252] HINT:  Rebuild all objects in this database that use the default collation and run ALTER DATABASE ptdev REFRESH COLLATION VERSION, or build PostgreSQL with the right library version.
2025-02-11 19:55:38.962 MSK [42] WARNING:  archive_mode enabled, yet archiving is not configured
2025-02-11 19:55:50.567 MSK [253] WARNING:  database "ptdev" has a collation version mismatch
2025-02-11 19:55:50.567 MSK [253] DETAIL:  The database was created using collation version 2.36, but the operating system provides version 2.31.
2025-02-11 19:55:50.567 MSK [253] HINT:  Rebuild all objects in this database that use the default collation and run ALTER DATABASE ptdev REFRESH COLLATION VERSION, or build PostgreSQL with the right library version.
2025-02-11 19:56:39.016 MSK [42] WARNING:  archive_mode enabled, yet archiving is not configured
2025-02-11 19:56:50.635 MSK [254] WARNING:  database "ptdev" has a collation version mismatch
2025-02-11 19:56:50.635 MSK [254] DETAIL:  The database was created using collation version 2.36, but the operating system provides version 2.31.
2025-02-11 19:56:50.635 MSK [254] HINT:  Rebuild all objects in this database that use the default collation and run ALTER DATABASE ptdev REFRESH COLLATION VERSION, or build PostgreSQL with the right library version.
2025-02-11 19:57:39.057 MSK [42] WARNING:  archive_mode enabled, yet archiving is not configured
2025-02-11 19:57:50.650 MSK [255] WARNING:  database "ptdev" has a collation version mismatch
2025-02-11 19:57:50.650 MSK [255] DETAIL:  The database was created using collation version 2.36, but the operating system provides version 2.31.
2025-02-11 19:57:50.650 MSK [255] HINT:  Rebuild all objects in this database that use the default collation and run ALTER DATABASE ptdev REFRESH COLLATION VERSION, or build PostgreSQL with the right library version.
2025-02-11 19:58:39.079 MSK [42] WARNING:  archive_mode enabled, yet archiving is not configured
2025-02-11 19:58:50.709 MSK [256] WARNING:  database "ptdev" has a collation version mismatch
2025-02-11 19:58:50.709 MSK [256] DETAIL:  The database was created using collation version 2.36, but the operating system provides version 2.31.
2025-02-11 19:58:50.709 MSK [256] HINT:  Rebuild all objects in this database that use the default collation and run ALTER DATABASE ptdev REFRESH COLLATION VERSION, or build PostgreSQL with the right library version.
2025-02-11 19:59:39.139 MSK [42] WARNING:  archive_mode enabled, yet archiving is not configured
2025-02-11 19:59:50.834 MSK [257] WARNING:  database "ptdev" has a collation version mismatch
2025-02-11 19:59:50.834 MSK [257] DETAIL:  The database was created using collation version 2.36, but the operating system provides version 2.31.
2025-02-11 19:59:50.834 MSK [257] HINT:  Rebuild all objects in this database that use the default collation and run ALTER DATABASE ptdev REFRESH COLLATION VERSION, or build PostgreSQL with the right library version.
2025-02-11 20:00:39.200 MSK [42] WARNING:  archive_mode enabled, yet archiving is not configured
2025-02-11 20:00:50.785 MSK [258] WARNING:  database "ptdev" has a collation version mismatch
2025-02-11 20:00:50.785 MSK [258] DETAIL:  The database was created using collation version 2.36, but the operating system provides version 2.31.
2025-02-11 20:00:50.785 MSK [258] HINT:  Rebuild all objects in this database that use the default collation and run ALTER DATABASE ptdev REFRESH COLLATION VERSION, or build PostgreSQL with the right library version.
2025-02-11 20:01:39.260 MSK [42] WARNING:  archive_mode enabled, yet archiving is not configured
2025-02-11 20:01:50.837 MSK [259] WARNING:  database "ptdev" has a collation version mismatch
2025-02-11 20:01:50.837 MSK [259] DETAIL:  The database was created using collation version 2.36, but the operating system provides version 2.31.
2025-02-11 20:01:50.837 MSK [259] HINT:  Rebuild all objects in this database that use the default collation and run ALTER DATABASE ptdev REFRESH COLLATION VERSION, or build PostgreSQL with the right library version.
2025-02-11 20:02:39.317 MSK [42] WARNING:  archive_mode enabled, yet archiving is not configured
2025-02-11 20:02:50.903 MSK [260] WARNING:  database "ptdev" has a collation version mismatch
2025-02-11 20:02:50.903 MSK [260] DETAIL:  The database was created using collation version 2.36, but the operating system provides version 2.31.
2025-02-11 20:02:50.903 MSK [260] HINT:  Rebuild all objects in this database that use the default collation and run ALTER DATABASE ptdev REFRESH COLLATION VERSION, or build PostgreSQL with the right library version.
2025-02-11 20:03:39.334 MSK [42] WARNING:  archive_mode enabled, yet archiving is not configured
2025-02-11 20:03:50.956 MSK [261] WARNING:  database "ptdev" has a collation version mismatch
2025-02-11 20:03:50.956 MSK [261] DETAIL:  The database was created using collation version 2.36, but the operating system provides version 2.31.
2025-02-11 20:03:50.956 MSK [261] HINT:  Rebuild all objects in this database that use the default collation and run ALTER DATABASE ptdev REFRESH COLLATION VERSION, or build PostgreSQL with the right library version.
2025-02-11 20:04:39.349 MSK [42] WARNING:  archive_mode enabled, yet archiving is not configured
2025-02-11 20:04:51.016 MSK [262] WARNING:  database "ptdev" has a collation version mismatch
2025-02-11 20:04:51.016 MSK [262] DETAIL:  The database was created using collation version 2.36, but the operating system provides version 2.31.
2025-02-11 20:04:51.016 MSK [262] HINT:  Rebuild all objects in this database that use the default collation and run ALTER DATABASE ptdev REFRESH COLLATION VERSION, or build PostgreSQL with the right library version.
2025-02-11 20:05:39.385 MSK [42] WARNING:  archive_mode enabled, yet archiving is not configured
2025-02-11 20:05:51.056 MSK [263] WARNING:  database "ptdev" has a collation version mismatch
2025-02-11 20:05:51.056 MSK [263] DETAIL:  The database was created using collation version 2.36, but the operating system provides version 2.31.
2025-02-11 20:05:51.056 MSK [263] HINT:  Rebuild all objects in this database that use the default collation and run ALTER DATABASE ptdev REFRESH COLLATION VERSION, or build PostgreSQL with the right library version.
2025-02-11 20:06:39.412 MSK [42] WARNING:  archive_mode enabled, yet archiving is not configured
2025-02-11 20:06:51.148 MSK [264] WARNING:  database "ptdev" has a collation version mismatch
2025-02-11 20:06:51.148 MSK [264] DETAIL:  The database was created using collation version 2.36, but the operating system provides version 2.31.
2025-02-11 20:06:51.148 MSK [264] HINT:  Rebuild all objects in this database that use the default collation and run ALTER DATABASE ptdev REFRESH COLLATION VERSION, or build PostgreSQL with the right library version.
2025-02-11 20:07:39.470 MSK [42] WARNING:  archive_mode enabled, yet archiving is not configured
2025-02-11 20:07:51.153 MSK [265] WARNING:  database "ptdev" has a collation version mismatch
2025-02-11 20:07:51.153 MSK [265] DETAIL:  The database was created using collation version 2.36, but the operating system provides version 2.31.
2025-02-11 20:07:51.153 MSK [265] HINT:  Rebuild all objects in this database that use the default collation and run ALTER DATABASE ptdev REFRESH COLLATION VERSION, or build PostgreSQL with the right library version.
2025-02-11 20:08:39.531 MSK [42] WARNING:  archive_mode enabled, yet archiving is not configured
2025-02-11 20:08:51.211 MSK [266] WARNING:  database "ptdev" has a collation version mismatch
2025-02-11 20:08:51.211 MSK [266] DETAIL:  The database was created using collation version 2.36, but the operating system provides version 2.31.
2025-02-11 20:08:51.211 MSK [266] HINT:  Rebuild all objects in this database that use the default collation and run ALTER DATABASE ptdev REFRESH COLLATION VERSION, or build PostgreSQL with the right library version.
2025-02-11 20:09:39.572 MSK [42] WARNING:  archive_mode enabled, yet archiving is not configured
2025-02-11 20:09:51.344 MSK [267] WARNING:  database "ptdev" has a collation version mismatch
2025-02-11 20:09:51.344 MSK [267] DETAIL:  The database was created using collation version 2.36, but the operating system provides version 2.31.
2025-02-11 20:09:51.344 MSK [267] HINT:  Rebuild all objects in this database that use the default collation and run ALTER DATABASE ptdev REFRESH COLLATION VERSION, or build PostgreSQL with the right library version.
2025-02-11 20:10:39.580 MSK [42] WARNING:  archive_mode enabled, yet archiving is not configured
2025-02-11 20:10:51.335 MSK [268] WARNING:  database "ptdev" has a collation version mismatch
2025-02-11 20:10:51.335 MSK [268] DETAIL:  The database was created using collation version 2.36, but the operating system provides version 2.31.
2025-02-11 20:10:51.335 MSK [268] HINT:  Rebuild all objects in this database that use the default collation and run ALTER DATABASE ptdev REFRESH COLLATION VERSION, or build PostgreSQL with the right library version.
2025-02-11 20:11:39.623 MSK [42] WARNING:  archive_mode enabled, yet archiving is not configured
2025-02-11 20:11:51.456 MSK [269] WARNING:  database "ptdev" has a collation version mismatch
2025-02-11 20:11:51.456 MSK [269] DETAIL:  The database was created using collation version 2.36, but the operating system provides version 2.31.
2025-02-11 20:11:51.456 MSK [269] HINT:  Rebuild all objects in this database that use the default collation and run ALTER DATABASE ptdev REFRESH COLLATION VERSION, or build PostgreSQL with the right library version.
2025-02-11 20:12:39.657 MSK [42] WARNING:  archive_mode enabled, yet archiving is not configured
2025-02-11 20:12:51.487 MSK [270] WARNING:  database "ptdev" has a collation version mismatch
2025-02-11 20:12:51.487 MSK [270] DETAIL:  The database was created using collation version 2.36, but the operating system provides version 2.31.
2025-02-11 20:12:51.487 MSK [270] HINT:  Rebuild all objects in this database that use the default collation and run ALTER DATABASE ptdev REFRESH COLLATION VERSION, or build PostgreSQL with the right library version.
2025-02-11 20:13:39.719 MSK [42] WARNING:  archive_mode enabled, yet archiving is not configured
2025-02-11 20:13:51.552 MSK [271] WARNING:  database "ptdev" has a collation version mismatch
2025-02-11 20:13:51.552 MSK [271] DETAIL:  The database was created using collation version 2.36, but the operating system provides version 2.31.
2025-02-11 20:13:51.552 MSK [271] HINT:  Rebuild all objects in this database that use the default collation and run ALTER DATABASE ptdev REFRESH COLLATION VERSION, or build PostgreSQL with the right library version.
2025-02-11 20:14:39.775 MSK [42] WARNING:  archive_mode enabled, yet archiving is not configured
2025-02-11 20:14:51.594 MSK [272] WARNING:  database "ptdev" has a collation version mismatch
2025-02-11 20:14:51.594 MSK [272] DETAIL:  The database was created using collation version 2.36, but the operating system provides version 2.31.
2025-02-11 20:14:51.594 MSK [272] HINT:  Rebuild all objects in this database that use the default collation and run ALTER DATABASE ptdev REFRESH COLLATION VERSION, or build PostgreSQL with the right library version.
2025-02-11 20:15:39.826 MSK [42] WARNING:  archive_mode enabled, yet archiving is not configured
2025-02-11 20:15:51.654 MSK [273] WARNING:  database "ptdev" has a collation version mismatch
2025-02-11 20:15:51.654 MSK [273] DETAIL:  The database was created using collation version 2.36, but the operating system provides version 2.31.
2025-02-11 20:15:51.654 MSK [273] HINT:  Rebuild all objects in this database that use the default collation and run ALTER DATABASE ptdev REFRESH COLLATION VERSION, or build PostgreSQL with the right library version.
2025-02-11 20:16:39.886 MSK [42] WARNING:  archive_mode enabled, yet archiving is not configured
2025-02-11 20:16:51.671 MSK [274] WARNING:  database "ptdev" has a collation version mismatch
2025-02-11 20:16:51.671 MSK [274] DETAIL:  The database was created using collation version 2.36, but the operating system provides version 2.31.
2025-02-11 20:16:51.671 MSK [274] HINT:  Rebuild all objects in this database that use the default collation and run ALTER DATABASE ptdev REFRESH COLLATION VERSION, or build PostgreSQL with the right library version.
2025-02-11 20:17:39.946 MSK [42] WARNING:  archive_mode enabled, yet archiving is not configured
2025-02-11 20:17:51.725 MSK [275] WARNING:  database "ptdev" has a collation version mismatch
2025-02-11 20:17:51.725 MSK [275] DETAIL:  The database was created using collation version 2.36, but the operating system provides version 2.31.
2025-02-11 20:17:51.725 MSK [275] HINT:  Rebuild all objects in this database that use the default collation and run ALTER DATABASE ptdev REFRESH COLLATION VERSION, or build PostgreSQL with the right library version.
2025-02-11 20:18:39.985 MSK [42] WARNING:  archive_mode enabled, yet archiving is not configured
2025-02-11 20:18:51.777 MSK [276] WARNING:  database "ptdev" has a collation version mismatch
2025-02-11 20:18:51.777 MSK [276] DETAIL:  The database was created using collation version 2.36, but the operating system provides version 2.31.
2025-02-11 20:18:51.777 MSK [276] HINT:  Rebuild all objects in this database that use the default collation and run ALTER DATABASE ptdev REFRESH COLLATION VERSION, or build PostgreSQL with the right library version.
2025-02-11 20:19:40.030 MSK [42] WARNING:  archive_mode enabled, yet archiving is not configured
2025-02-11 20:19:51.837 MSK [277] WARNING:  database "ptdev" has a collation version mismatch
2025-02-11 20:19:51.837 MSK [277] DETAIL:  The database was created using collation version 2.36, but the operating system provides version 2.31.
2025-02-11 20:19:51.837 MSK [277] HINT:  Rebuild all objects in this database that use the default collation and run ALTER DATABASE ptdev REFRESH COLLATION VERSION, or build PostgreSQL with the right library version.
2025-02-11 20:20:40.091 MSK [42] WARNING:  archive_mode enabled, yet archiving is not configured
2025-02-11 20:20:51.867 MSK [278] WARNING:  database "ptdev" has a collation version mismatch
2025-02-11 20:20:51.867 MSK [278] DETAIL:  The database was created using collation version 2.36, but the operating system provides version 2.31.
2025-02-11 20:20:51.867 MSK [278] HINT:  Rebuild all objects in this database that use the default collation and run ALTER DATABASE ptdev REFRESH COLLATION VERSION, or build PostgreSQL with the right library version.
2025-02-11 20:21:40.148 MSK [42] WARNING:  archive_mode enabled, yet archiving is not configured
2025-02-11 20:21:51.904 MSK [279] WARNING:  database "ptdev" has a collation version mismatch
2025-02-11 20:21:51.904 MSK [279] DETAIL:  The database was created using collation version 2.36, but the operating system provides version 2.31.
2025-02-11 20:21:51.904 MSK [279] HINT:  Rebuild all objects in this database that use the default collation and run ALTER DATABASE ptdev REFRESH COLLATION VERSION, or build PostgreSQL with the right library version.
2025-02-11 20:22:40.205 MSK [42] WARNING:  archive_mode enabled, yet archiving is not configured
2025-02-11 20:22:51.956 MSK [280] WARNING:  database "ptdev" has a collation version mismatch
2025-02-11 20:22:51.956 MSK [280] DETAIL:  The database was created using collation version 2.36, but the operating system provides version 2.31.
2025-02-11 20:22:51.956 MSK [280] HINT:  Rebuild all objects in this database that use the default collation and run ALTER DATABASE ptdev REFRESH COLLATION VERSION, or build PostgreSQL with the right library version.
2025-02-11 20:23:40.266 MSK [42] WARNING:  archive_mode enabled, yet archiving is not configured
2025-02-11 20:23:52.006 MSK [281] WARNING:  database "ptdev" has a collation version mismatch
2025-02-11 20:23:52.006 MSK [281] DETAIL:  The database was created using collation version 2.36, but the operating system provides version 2.31.
2025-02-11 20:23:52.006 MSK [281] HINT:  Rebuild all objects in this database that use the default collation and run ALTER DATABASE ptdev REFRESH COLLATION VERSION, or build PostgreSQL with the right library version.
2025-02-11 20:24:40.327 MSK [42] WARNING:  archive_mode enabled, yet archiving is not configured
2025-02-11 20:24:52.035 MSK [282] WARNING:  database "ptdev" has a collation version mismatch
2025-02-11 20:24:52.035 MSK [282] DETAIL:  The database was created using collation version 2.36, but the operating system provides version 2.31.
2025-02-11 20:24:52.035 MSK [282] HINT:  Rebuild all objects in this database that use the default collation and run ALTER DATABASE ptdev REFRESH COLLATION VERSION, or build PostgreSQL with the right library version.
2025-02-11 20:25:40.374 MSK [42] WARNING:  archive_mode enabled, yet archiving is not configured
2025-02-11 20:25:52.108 MSK [283] WARNING:  database "ptdev" has a collation version mismatch
2025-02-11 20:25:52.108 MSK [283] DETAIL:  The database was created using collation version 2.36, but the operating system provides version 2.31.
2025-02-11 20:25:52.108 MSK [283] HINT:  Rebuild all objects in this database that use the default collation and run ALTER DATABASE ptdev REFRESH COLLATION VERSION, or build PostgreSQL with the right library version.
2025-02-11 20:26:40.424 MSK [42] WARNING:  archive_mode enabled, yet archiving is not configured
2025-02-11 20:26:52.138 MSK [284] WARNING:  database "ptdev" has a collation version mismatch
2025-02-11 20:26:52.138 MSK [284] DETAIL:  The database was created using collation version 2.36, but the operating system provides version 2.31.
2025-02-11 20:26:52.138 MSK [284] HINT:  Rebuild all objects in this database that use the default collation and run ALTER DATABASE ptdev REFRESH COLLATION VERSION, or build PostgreSQL with the right library version.
2025-02-11 20:27:40.481 MSK [42] WARNING:  archive_mode enabled, yet archiving is not configured
2025-02-11 20:27:52.183 MSK [285] WARNING:  database "ptdev" has a collation version mismatch
2025-02-11 20:27:52.183 MSK [285] DETAIL:  The database was created using collation version 2.36, but the operating system provides version 2.31.
2025-02-11 20:27:52.183 MSK [285] HINT:  Rebuild all objects in this database that use the default collation and run ALTER DATABASE ptdev REFRESH COLLATION VERSION, or build PostgreSQL with the right library version.
2025-02-11 20:28:40.501 MSK [42] WARNING:  archive_mode enabled, yet archiving is not configured
2025-02-11 20:28:52.239 MSK [286] WARNING:  database "ptdev" has a collation version mismatch
2025-02-11 20:28:52.239 MSK [286] DETAIL:  The database was created using collation version 2.36, but the operating system provides version 2.31.
2025-02-11 20:28:52.239 MSK [286] HINT:  Rebuild all objects in this database that use the default collation and run ALTER DATABASE ptdev REFRESH COLLATION VERSION, or build PostgreSQL with the right library version.
2025-02-11 20:29:40.521 MSK [42] WARNING:  archive_mode enabled, yet archiving is not configured
2025-02-11 20:29:52.263 MSK [287] WARNING:  database "ptdev" has a collation version mismatch
2025-02-11 20:29:52.263 MSK [287] DETAIL:  The database was created using collation version 2.36, but the operating system provides version 2.31.
2025-02-11 20:29:52.263 MSK [287] HINT:  Rebuild all objects in this database that use the default collation and run ALTER DATABASE ptdev REFRESH COLLATION VERSION, or build PostgreSQL with the right library version.
2025-02-11 20:30:40.551 MSK [42] WARNING:  archive_mode enabled, yet archiving is not configured
2025-02-11 20:30:52.327 MSK [288] WARNING:  database "ptdev" has a collation version mismatch
2025-02-11 20:30:52.327 MSK [288] DETAIL:  The database was created using collation version 2.36, but the operating system provides version 2.31.
2025-02-11 20:30:52.327 MSK [288] HINT:  Rebuild all objects in this database that use the default collation and run ALTER DATABASE ptdev REFRESH COLLATION VERSION, or build PostgreSQL with the right library version.
2025-02-11 20:31:40.612 MSK [42] WARNING:  archive_mode enabled, yet archiving is not configured
2025-02-11 20:31:52.378 MSK [289] WARNING:  database "ptdev" has a collation version mismatch
2025-02-11 20:31:52.378 MSK [289] DETAIL:  The database was created using collation version 2.36, but the operating system provides version 2.31.
2025-02-11 20:31:52.378 MSK [289] HINT:  Rebuild all objects in this database that use the default collation and run ALTER DATABASE ptdev REFRESH COLLATION VERSION, or build PostgreSQL with the right library version.
2025-02-11 20:32:40.672 MSK [42] WARNING:  archive_mode enabled, yet archiving is not configured
2025-02-11 20:32:52.418 MSK [290] WARNING:  database "ptdev" has a collation version mismatch
2025-02-11 20:32:52.418 MSK [290] DETAIL:  The database was created using collation version 2.36, but the operating system provides version 2.31.
2025-02-11 20:32:52.418 MSK [290] HINT:  Rebuild all objects in this database that use the default collation and run ALTER DATABASE ptdev REFRESH COLLATION VERSION, or build PostgreSQL with the right library version.
2025-02-11 20:33:40.733 MSK [42] WARNING:  archive_mode enabled, yet archiving is not configured
2025-02-11 20:33:52.464 MSK [291] WARNING:  database "ptdev" has a collation version mismatch
2025-02-11 20:33:52.464 MSK [291] DETAIL:  The database was created using collation version 2.36, but the operating system provides version 2.31.
2025-02-11 20:33:52.464 MSK [291] HINT:  Rebuild all objects in this database that use the default collation and run ALTER DATABASE ptdev REFRESH COLLATION VERSION, or build PostgreSQL with the right library version.
2025-02-11 20:34:40.793 MSK [42] WARNING:  archive_mode enabled, yet archiving is not configured
